ISO-10303-21;
HEADER;
/* Generated by software containing ST-Developer
 * from STEP Tools, Inc. (www.steptools.com) 
 */
/* OPTION: using custom renumber hook */

FILE_DESCRIPTION(
/* description */ ('STEP AP242 Edition 2',
'CAx-IF Rec.Pracs.---Representation and Presentation of Product Manufa
cturing Information (PMI)---4.0---2014-10-13',
'CAx-IF Rec.Pracs.---3D Tessellated Geometry---0.4---2014-09-14','2;1',
'CAx-IF Rec.Pracs.---User Defined Attributes---1.5---2016-08-15'),
/* implementation_level */ '2;1');

FILE_NAME(
/* name */ '69c01ea3fb321fc2453354ec',
/* time_stamp */ '2026-03-22T16:53:56Z',
/* author */ (''),
/* organization */ (''),
/* preprocessor_version */ 'ST-DEVELOPER v20',
/* originating_system */ 'ONSHAPE BY PTC INC, 1.212',
/* authorisation */ '  ');

FILE_SCHEMA (('AP242_MANAGED_MODEL_BASED_3D_ENGINEERING_MIM_LF { 1 0 10303 442 3 1 4 }'));
ENDSEC;

DATA;
#10=DEGENERATE_TOROIDAL_SURFACE('',#2476,0.0002,0.0003,.T.);
#11=CONTEXT_DEPENDENT_SHAPE_REPRESENTATION(#17,#3859);
#12=CONTEXT_DEPENDENT_SHAPE_REPRESENTATION(#18,#3861);
#13=CONTEXT_DEPENDENT_SHAPE_REPRESENTATION(#19,#3863);
#14=NEXT_ASSEMBLY_USAGE_OCCURRENCE('NAUO1','Part 3','Part 3',#3864,#3865,
'');
#15=NEXT_ASSEMBLY_USAGE_OCCURRENCE('NAUO2','Part 2','Part 2',#3864,#3866,
'');
#16=NEXT_ASSEMBLY_USAGE_OCCURRENCE('NAUO3','Part 1','Part 1',#3864,#3867,
'');
#17=(
REPRESENTATION_RELATIONSHIP(' ',' ',#2375,#2374)
REPRESENTATION_RELATIONSHIP_WITH_TRANSFORMATION(#20)
SHAPE_REPRESENTATION_RELATIONSHIP()
);
#18=(
REPRESENTATION_RELATIONSHIP(' ',' ',#2376,#2374)
REPRESENTATION_RELATIONSHIP_WITH_TRANSFORMATION(#21)
SHAPE_REPRESENTATION_RELATIONSHIP()
);
#19=(
REPRESENTATION_RELATIONSHIP(' ',' ',#2377,#2374)
REPRESENTATION_RELATIONSHIP_WITH_TRANSFORMATION(#22)
SHAPE_REPRESENTATION_RELATIONSHIP()
);
#20=ITEM_DEFINED_TRANSFORMATION(' ',' ',#2378,#2430);
#21=ITEM_DEFINED_TRANSFORMATION(' ',' ',#2378,#2477);
#22=ITEM_DEFINED_TRANSFORMATION(' ',' ',#2378,#2555);
#23=SHAPE_REPRESENTATION_RELATIONSHIP('','',#2375,#26);
#24=SHAPE_REPRESENTATION_RELATIONSHIP('','',#2376,#27);
#25=SHAPE_REPRESENTATION_RELATIONSHIP('','',#2377,#28);
#26=ADVANCED_BREP_SHAPE_REPRESENTATION('',(#2367),#3847);
#27=ADVANCED_BREP_SHAPE_REPRESENTATION('',(#2368),#3848);
#28=ADVANCED_BREP_SHAPE_REPRESENTATION('',(#2369),#3849);
#29=CYLINDRICAL_SURFACE('',#2426,0.0005);
#30=CYLINDRICAL_SURFACE('',#2427,0.0005);
#31=CYLINDRICAL_SURFACE('',#2428,0.0005);
#32=CYLINDRICAL_SURFACE('',#2429,0.0005);
#33=CYLINDRICAL_SURFACE('',#2465,0.0016);
#34=CYLINDRICAL_SURFACE('',#2468,0.0005);
#35=CYLINDRICAL_SURFACE('',#2472,0.0002);
#36=CYLINDRICAL_SURFACE('',#2473,0.0002);
#37=CYLINDRICAL_SURFACE('',#2474,0.0002);
#38=CYLINDRICAL_SURFACE('',#2475,0.0002);
#39=CYLINDRICAL_SURFACE('',#2502,0.0035);
#40=CYLINDRICAL_SURFACE('',#2505,0.00075);
#41=CYLINDRICAL_SURFACE('',#2508,0.0005);
#42=CYLINDRICAL_SURFACE('',#2511,0.0005);
#43=CYLINDRICAL_SURFACE('',#2514,0.0005);
#44=CYLINDRICAL_SURFACE('',#2517,0.00075);
#45=CYLINDRICAL_SURFACE('',#2520,0.0005);
#46=CYLINDRICAL_SURFACE('',#2521,0.0005);
#47=CYLINDRICAL_SURFACE('',#2522,0.0005);
#48=CYLINDRICAL_SURFACE('',#2523,0.0005);
#49=CYLINDRICAL_SURFACE('',#2537,0.00015);
#50=CYLINDRICAL_SURFACE('',#2538,0.00015);
#51=CIRCLE('',#2380,0.0005);
#52=CIRCLE('',#2382,0.0005);
#53=CIRCLE('',#2384,0.0005);
#54=CIRCLE('',#2386,0.0005);
#55=CIRCLE('',#2392,0.0005);
#56=CIRCLE('',#2393,0.0005);
#57=CIRCLE('',#2394,0.0005);
#58=CIRCLE('',#2395,0.0005);
#59=CIRCLE('',#2436,0.0005);
#60=CIRCLE('',#2438,0.0016);
#61=CIRCLE('',#2439,0.0002);
#62=CIRCLE('',#2440,0.0002);
#63=CIRCLE('',#2441,0.0002);
#64=CIRCLE('',#2442,0.0002);
#65=CIRCLE('',#2448,0.0002);
#66=CIRCLE('',#2449,0.0002);
#67=CIRCLE('',#2450,0.0002);
#68=CIRCLE('',#2451,0.0002);
#69=CIRCLE('',#2466,0.0016);
#70=CIRCLE('',#2469,0.0005);
#71=CIRCLE('',#2471,0.0002);
#72=CIRCLE('',#2479,0.0005);
#73=CIRCLE('',#2480,0.0005);
#74=CIRCLE('',#2481,0.0005);
#75=CIRCLE('',#2482,0.0005);
#76=CIRCLE('',#2492,0.00075);
#77=CIRCLE('',#2493,0.0005);
#78=CIRCLE('',#2494,0.0005);
#79=CIRCLE('',#2495,0.0005);
#80=CIRCLE('',#2496,0.00075);
#81=CIRCLE('',#2497,0.0035);
#82=CIRCLE('',#2498,0.0005);
#83=CIRCLE('',#2499,0.0005);
#84=CIRCLE('',#2500,0.0005);
#85=CIRCLE('',#2501,0.0005);
#86=CIRCLE('',#2503,0.0035);
#87=CIRCLE('',#2506,0.00075);
#88=CIRCLE('',#2509,0.0005);
#89=CIRCLE('',#2512,0.0005);
#90=CIRCLE('',#2515,0.0005);
#91=CIRCLE('',#2518,0.00075);
#92=CIRCLE('',#2530,0.00015);
#93=CIRCLE('',#2531,0.00015);
#94=CIRCLE('',#2534,0.00015);
#95=CIRCLE('',#2535,0.00015);
#96=ORIENTED_EDGE('',*,*,#728,.F.);
#97=ORIENTED_EDGE('',*,*,#729,.T.);
#98=ORIENTED_EDGE('',*,*,#730,.T.);
#99=ORIENTED_EDGE('',*,*,#731,.F.);
#100=ORIENTED_EDGE('',*,*,#732,.F.);
#101=ORIENTED_EDGE('',*,*,#733,.F.);
#102=ORIENTED_EDGE('',*,*,#734,.T.);
#103=ORIENTED_EDGE('',*,*,#735,.T.);
#104=ORIENTED_EDGE('',*,*,#736,.T.);
#105=ORIENTED_EDGE('',*,*,#737,.T.);
#106=ORIENTED_EDGE('',*,*,#738,.F.);
#107=ORIENTED_EDGE('',*,*,#739,.T.);
#108=ORIENTED_EDGE('',*,*,#740,.F.);
#109=ORIENTED_EDGE('',*,*,#741,.T.);
#110=ORIENTED_EDGE('',*,*,#742,.F.);
#111=ORIENTED_EDGE('',*,*,#743,.T.);
#112=ORIENTED_EDGE('',*,*,#744,.F.);
#113=ORIENTED_EDGE('',*,*,#745,.F.);
#114=ORIENTED_EDGE('',*,*,#746,.F.);
#115=ORIENTED_EDGE('',*,*,#747,.T.);
#116=ORIENTED_EDGE('',*,*,#748,.T.);
#117=ORIENTED_EDGE('',*,*,#749,.T.);
#118=ORIENTED_EDGE('',*,*,#750,.T.);
#119=ORIENTED_EDGE('',*,*,#751,.F.);
#120=ORIENTED_EDGE('',*,*,#752,.F.);
#121=ORIENTED_EDGE('',*,*,#753,.T.);
#122=ORIENTED_EDGE('',*,*,#754,.T.);
#123=ORIENTED_EDGE('',*,*,#755,.T.);
#124=ORIENTED_EDGE('',*,*,#756,.F.);
#125=ORIENTED_EDGE('',*,*,#757,.T.);
#126=ORIENTED_EDGE('',*,*,#758,.T.);
#127=ORIENTED_EDGE('',*,*,#759,.F.);
#128=ORIENTED_EDGE('',*,*,#760,.F.);
#129=ORIENTED_EDGE('',*,*,#756,.T.);
#130=ORIENTED_EDGE('',*,*,#761,.T.);
#131=ORIENTED_EDGE('',*,*,#762,.F.);
#132=ORIENTED_EDGE('',*,*,#763,.F.);
#133=ORIENTED_EDGE('',*,*,#762,.T.);
#134=ORIENTED_EDGE('',*,*,#764,.T.);
#135=ORIENTED_EDGE('',*,*,#765,.F.);
#136=ORIENTED_EDGE('',*,*,#758,.F.);
#137=ORIENTED_EDGE('',*,*,#766,.T.);
#138=ORIENTED_EDGE('',*,*,#765,.T.);
#139=ORIENTED_EDGE('',*,*,#767,.F.);
#140=ORIENTED_EDGE('',*,*,#768,.F.);
#141=ORIENTED_EDGE('',*,*,#769,.T.);
#142=ORIENTED_EDGE('',*,*,#770,.F.);
#143=ORIENTED_EDGE('',*,*,#771,.T.);
#144=ORIENTED_EDGE('',*,*,#772,.T.);
#145=ORIENTED_EDGE('',*,*,#773,.T.);
#146=ORIENTED_EDGE('',*,*,#774,.T.);
#147=ORIENTED_EDGE('',*,*,#775,.T.);
#148=ORIENTED_EDGE('',*,*,#761,.F.);
#149=ORIENTED_EDGE('',*,*,#759,.T.);
#150=ORIENTED_EDGE('',*,*,#767,.T.);
#151=ORIENTED_EDGE('',*,*,#764,.F.);
#152=ORIENTED_EDGE('',*,*,#770,.T.);
#153=ORIENTED_EDGE('',*,*,#776,.T.);
#154=ORIENTED_EDGE('',*,*,#735,.F.);
#155=ORIENTED_EDGE('',*,*,#777,.F.);
#156=ORIENTED_EDGE('',*,*,#730,.F.);
#157=ORIENTED_EDGE('',*,*,#778,.T.);
#158=ORIENTED_EDGE('',*,*,#772,.F.);
#159=ORIENTED_EDGE('',*,*,#779,.T.);
#160=ORIENTED_EDGE('',*,*,#728,.T.);
#161=ORIENTED_EDGE('',*,*,#780,.T.);
#162=ORIENTED_EDGE('',*,*,#744,.T.);
#163=ORIENTED_EDGE('',*,*,#781,.T.);
#164=ORIENTED_EDGE('',*,*,#751,.T.);
#165=ORIENTED_EDGE('',*,*,#782,.T.);
#166=ORIENTED_EDGE('',*,*,#774,.F.);
#167=ORIENTED_EDGE('',*,*,#783,.T.);
#168=ORIENTED_EDGE('',*,*,#742,.T.);
#169=ORIENTED_EDGE('',*,*,#784,.T.);
#170=ORIENTED_EDGE('',*,*,#737,.F.);
#171=ORIENTED_EDGE('',*,*,#785,.T.);
#172=ORIENTED_EDGE('',*,*,#768,.T.);
#173=ORIENTED_EDGE('',*,*,#786,.T.);
#174=ORIENTED_EDGE('',*,*,#749,.F.);
#175=ORIENTED_EDGE('',*,*,#787,.F.);
#176=ORIENTED_EDGE('',*,*,#747,.F.);
#177=ORIENTED_EDGE('',*,*,#788,.F.);
#178=ORIENTED_EDGE('',*,*,#789,.T.);
#179=ORIENTED_EDGE('',*,*,#790,.T.);
#180=ORIENTED_EDGE('',*,*,#753,.F.);
#181=ORIENTED_EDGE('',*,*,#791,.F.);
#182=ORIENTED_EDGE('',*,*,#792,.F.);
#183=ORIENTED_EDGE('',*,*,#793,.T.);
#184=ORIENTED_EDGE('',*,*,#746,.T.);
#185=ORIENTED_EDGE('',*,*,#794,.F.);
#186=ORIENTED_EDGE('',*,*,#795,.T.);
#187=ORIENTED_EDGE('',*,*,#796,.T.);
#188=ORIENTED_EDGE('',*,*,#733,.T.);
#189=ORIENTED_EDGE('',*,*,#797,.F.);
#190=ORIENTED_EDGE('',*,*,#798,.F.);
#191=ORIENTED_EDGE('',*,*,#788,.T.);
#192=ORIENTED_EDGE('',*,*,#732,.T.);
#193=ORIENTED_EDGE('',*,*,#799,.T.);
#194=ORIENTED_EDGE('',*,*,#740,.T.);
#195=ORIENTED_EDGE('',*,*,#800,.F.);
#196=ORIENTED_EDGE('',*,*,#801,.F.);
#197=ORIENTED_EDGE('',*,*,#797,.T.);
#198=ORIENTED_EDGE('',*,*,#754,.F.);
#199=ORIENTED_EDGE('',*,*,#790,.F.);
#200=ORIENTED_EDGE('',*,*,#802,.T.);
#201=ORIENTED_EDGE('',*,*,#800,.T.);
#202=ORIENTED_EDGE('',*,*,#739,.F.);
#203=ORIENTED_EDGE('',*,*,#803,.F.);
#204=ORIENTED_EDGE('',*,*,#804,.F.);
#205=ORIENTED_EDGE('',*,*,#805,.T.);
#206=ORIENTED_EDGE('',*,*,#760,.T.);
#207=ORIENTED_EDGE('',*,*,#763,.T.);
#208=ORIENTED_EDGE('',*,*,#766,.F.);
#209=ORIENTED_EDGE('',*,*,#757,.F.);
#210=ORIENTED_EDGE('',*,*,#789,.F.);
#211=ORIENTED_EDGE('',*,*,#798,.T.);
#212=ORIENTED_EDGE('',*,*,#801,.T.);
#213=ORIENTED_EDGE('',*,*,#802,.F.);
#214=ORIENTED_EDGE('',*,*,#748,.F.);
#215=ORIENTED_EDGE('',*,*,#793,.F.);
#216=ORIENTED_EDGE('',*,*,#806,.T.);
#217=ORIENTED_EDGE('',*,*,#807,.T.);
#218=ORIENTED_EDGE('',*,*,#808,.F.);
#219=ORIENTED_EDGE('',*,*,#752,.T.);
#220=ORIENTED_EDGE('',*,*,#809,.T.);
#221=ORIENTED_EDGE('',*,*,#810,.F.);
#222=ORIENTED_EDGE('',*,*,#811,.F.);
#223=ORIENTED_EDGE('',*,*,#791,.T.);
#224=ORIENTED_EDGE('',*,*,#812,.T.);
#225=ORIENTED_EDGE('',*,*,#807,.F.);
#226=ORIENTED_EDGE('',*,*,#813,.F.);
#227=ORIENTED_EDGE('',*,*,#810,.T.);
#228=ORIENTED_EDGE('',*,*,#806,.F.);
#229=ORIENTED_EDGE('',*,*,#792,.T.);
#230=ORIENTED_EDGE('',*,*,#811,.T.);
#231=ORIENTED_EDGE('',*,*,#813,.T.);
#232=ORIENTED_EDGE('',*,*,#784,.F.);
#233=ORIENTED_EDGE('',*,*,#808,.T.);
#234=ORIENTED_EDGE('',*,*,#812,.F.);
#235=ORIENTED_EDGE('',*,*,#809,.F.);
#236=ORIENTED_EDGE('',*,*,#734,.F.);
#237=ORIENTED_EDGE('',*,*,#796,.F.);
#238=ORIENTED_EDGE('',*,*,#814,.T.);
#239=ORIENTED_EDGE('',*,*,#815,.T.);
#240=ORIENTED_EDGE('',*,*,#816,.F.);
#241=ORIENTED_EDGE('',*,*,#745,.T.);
#242=ORIENTED_EDGE('',*,*,#817,.T.);
#243=ORIENTED_EDGE('',*,*,#818,.F.);
#244=ORIENTED_EDGE('',*,*,#819,.F.);
#245=ORIENTED_EDGE('',*,*,#794,.T.);
#246=ORIENTED_EDGE('',*,*,#820,.T.);
#247=ORIENTED_EDGE('',*,*,#815,.F.);
#248=ORIENTED_EDGE('',*,*,#821,.F.);
#249=ORIENTED_EDGE('',*,*,#818,.T.);
#250=ORIENTED_EDGE('',*,*,#814,.F.);
#251=ORIENTED_EDGE('',*,*,#795,.F.);
#252=ORIENTED_EDGE('',*,*,#819,.T.);
#253=ORIENTED_EDGE('',*,*,#821,.T.);
#254=ORIENTED_EDGE('',*,*,#780,.F.);
#255=ORIENTED_EDGE('',*,*,#816,.T.);
#256=ORIENTED_EDGE('',*,*,#820,.F.);
#257=ORIENTED_EDGE('',*,*,#817,.F.);
#258=ORIENTED_EDGE('',*,*,#822,.F.);
#259=ORIENTED_EDGE('',*,*,#787,.T.);
#260=ORIENTED_EDGE('',*,*,#823,.T.);
#261=ORIENTED_EDGE('',*,*,#824,.F.);
#262=ORIENTED_EDGE('',*,*,#738,.T.);
#263=ORIENTED_EDGE('',*,*,#822,.T.);
#264=ORIENTED_EDGE('',*,*,#825,.F.);
#265=ORIENTED_EDGE('',*,*,#826,.F.);
#266=ORIENTED_EDGE('',*,*,#803,.T.);
#267=ORIENTED_EDGE('',*,*,#824,.T.);
#268=ORIENTED_EDGE('',*,*,#827,.F.);
#269=ORIENTED_EDGE('',*,*,#828,.F.);
#270=ORIENTED_EDGE('',*,*,#825,.T.);
#271=ORIENTED_EDGE('',*,*,#755,.F.);
#272=ORIENTED_EDGE('',*,*,#805,.F.);
#273=ORIENTED_EDGE('',*,*,#829,.T.);
#274=ORIENTED_EDGE('',*,*,#827,.T.);
#275=ORIENTED_EDGE('',*,*,#823,.F.);
#276=ORIENTED_EDGE('',*,*,#804,.T.);
#277=ORIENTED_EDGE('',*,*,#826,.T.);
#278=ORIENTED_EDGE('',*,*,#828,.T.);
#279=ORIENTED_EDGE('',*,*,#829,.F.);
#280=ORIENTED_EDGE('',*,*,#830,.F.);
#281=ORIENTED_EDGE('',*,*,#777,.T.);
#282=ORIENTED_EDGE('',*,*,#831,.T.);
#283=ORIENTED_EDGE('',*,*,#832,.F.);
#284=ORIENTED_EDGE('',*,*,#741,.F.);
#285=ORIENTED_EDGE('',*,*,#833,.F.);
#286=ORIENTED_EDGE('',*,*,#834,.T.);
#287=ORIENTED_EDGE('',*,*,#835,.T.);
#288=ORIENTED_EDGE('',*,*,#831,.F.);
#289=ORIENTED_EDGE('',*,*,#799,.F.);
#290=ORIENTED_EDGE('',*,*,#836,.F.);
#291=ORIENTED_EDGE('',*,*,#837,.T.);
#292=ORIENTED_EDGE('',*,*,#833,.T.);
#293=ORIENTED_EDGE('',*,*,#731,.T.);
#294=ORIENTED_EDGE('',*,*,#830,.T.);
#295=ORIENTED_EDGE('',*,*,#838,.F.);
#296=ORIENTED_EDGE('',*,*,#839,.F.);
#297=ORIENTED_EDGE('',*,*,#836,.T.);
#298=ORIENTED_EDGE('',*,*,#832,.T.);
#299=ORIENTED_EDGE('',*,*,#835,.F.);
#300=ORIENTED_EDGE('',*,*,#840,.F.);
#301=ORIENTED_EDGE('',*,*,#838,.T.);
#302=ORIENTED_EDGE('',*,*,#834,.F.);
#303=ORIENTED_EDGE('',*,*,#837,.F.);
#304=ORIENTED_EDGE('',*,*,#839,.T.);
#305=ORIENTED_EDGE('',*,*,#840,.T.);
#306=ORIENTED_EDGE('',*,*,#769,.F.);
#307=ORIENTED_EDGE('',*,*,#785,.F.);
#308=ORIENTED_EDGE('',*,*,#736,.F.);
#309=ORIENTED_EDGE('',*,*,#776,.F.);
#310=ORIENTED_EDGE('',*,*,#771,.F.);
#311=ORIENTED_EDGE('',*,*,#778,.F.);
#312=ORIENTED_EDGE('',*,*,#729,.F.);
#313=ORIENTED_EDGE('',*,*,#779,.F.);
#314=ORIENTED_EDGE('',*,*,#775,.F.);
#315=ORIENTED_EDGE('',*,*,#782,.F.);
#316=ORIENTED_EDGE('',*,*,#750,.F.);
#317=ORIENTED_EDGE('',*,*,#786,.F.);
#318=ORIENTED_EDGE('',*,*,#773,.F.);
#319=ORIENTED_EDGE('',*,*,#781,.F.);
#320=ORIENTED_EDGE('',*,*,#743,.F.);
#321=ORIENTED_EDGE('',*,*,#783,.F.);
#322=ORIENTED_EDGE('',*,*,#841,.F.);
#323=ORIENTED_EDGE('',*,*,#842,.T.);
#324=ORIENTED_EDGE('',*,*,#843,.T.);
#325=ORIENTED_EDGE('',*,*,#844,.F.);
#326=ORIENTED_EDGE('',*,*,#845,.F.);
#327=ORIENTED_EDGE('',*,*,#846,.T.);
#328=ORIENTED_EDGE('',*,*,#847,.F.);
#329=ORIENTED_EDGE('',*,*,#848,.T.);
#330=ORIENTED_EDGE('',*,*,#849,.T.);
#331=ORIENTED_EDGE('',*,*,#850,.T.);
#332=ORIENTED_EDGE('',*,*,#851,.T.);
#333=ORIENTED_EDGE('',*,*,#852,.F.);
#334=ORIENTED_EDGE('',*,*,#853,.T.);
#335=ORIENTED_EDGE('',*,*,#854,.F.);
#336=ORIENTED_EDGE('',*,*,#855,.F.);
#337=ORIENTED_EDGE('',*,*,#856,.F.);
#338=ORIENTED_EDGE('',*,*,#857,.F.);
#339=ORIENTED_EDGE('',*,*,#858,.T.);
#340=ORIENTED_EDGE('',*,*,#859,.T.);
#341=ORIENTED_EDGE('',*,*,#860,.T.);
#342=ORIENTED_EDGE('',*,*,#861,.T.);
#343=ORIENTED_EDGE('',*,*,#862,.T.);
#344=ORIENTED_EDGE('',*,*,#863,.F.);
#345=ORIENTED_EDGE('',*,*,#864,.T.);
#346=ORIENTED_EDGE('',*,*,#865,.F.);
#347=ORIENTED_EDGE('',*,*,#866,.T.);
#348=ORIENTED_EDGE('',*,*,#867,.T.);
#349=ORIENTED_EDGE('',*,*,#868,.T.);
#350=ORIENTED_EDGE('',*,*,#869,.F.);
#351=ORIENTED_EDGE('',*,*,#870,.T.);
#352=ORIENTED_EDGE('',*,*,#871,.T.);
#353=ORIENTED_EDGE('',*,*,#872,.F.);
#354=ORIENTED_EDGE('',*,*,#873,.T.);
#355=ORIENTED_EDGE('',*,*,#874,.F.);
#356=ORIENTED_EDGE('',*,*,#867,.F.);
#357=ORIENTED_EDGE('',*,*,#875,.T.);
#358=ORIENTED_EDGE('',*,*,#861,.F.);
#359=ORIENTED_EDGE('',*,*,#876,.T.);
#360=ORIENTED_EDGE('',*,*,#857,.T.);
#361=ORIENTED_EDGE('',*,*,#877,.T.);
#362=ORIENTED_EDGE('',*,*,#872,.T.);
#363=ORIENTED_EDGE('',*,*,#878,.T.);
#364=ORIENTED_EDGE('',*,*,#879,.F.);
#365=ORIENTED_EDGE('',*,*,#880,.F.);
#366=ORIENTED_EDGE('',*,*,#841,.T.);
#367=ORIENTED_EDGE('',*,*,#881,.T.);
#368=ORIENTED_EDGE('',*,*,#882,.T.);
#369=ORIENTED_EDGE('',*,*,#883,.F.);
#370=ORIENTED_EDGE('',*,*,#842,.F.);
#371=ORIENTED_EDGE('',*,*,#880,.T.);
#372=ORIENTED_EDGE('',*,*,#884,.T.);
#373=ORIENTED_EDGE('',*,*,#885,.F.);
#374=ORIENTED_EDGE('',*,*,#843,.F.);
#375=ORIENTED_EDGE('',*,*,#883,.T.);
#376=ORIENTED_EDGE('',*,*,#886,.F.);
#377=ORIENTED_EDGE('',*,*,#881,.F.);
#378=ORIENTED_EDGE('',*,*,#844,.T.);
#379=ORIENTED_EDGE('',*,*,#885,.T.);
#380=ORIENTED_EDGE('',*,*,#859,.F.);
#381=ORIENTED_EDGE('',*,*,#887,.T.);
#382=ORIENTED_EDGE('',*,*,#863,.T.);
#383=ORIENTED_EDGE('',*,*,#888,.T.);
#384=ORIENTED_EDGE('',*,*,#865,.T.);
#385=ORIENTED_EDGE('',*,*,#889,.T.);
#386=ORIENTED_EDGE('',*,*,#870,.F.);
#387=ORIENTED_EDGE('',*,*,#890,.T.);
#388=ORIENTED_EDGE('',*,*,#879,.T.);
#389=ORIENTED_EDGE('',*,*,#886,.T.);
#390=ORIENTED_EDGE('',*,*,#884,.F.);
#391=ORIENTED_EDGE('',*,*,#882,.F.);
#392=ORIENTED_EDGE('',*,*,#846,.F.);
#393=ORIENTED_EDGE('',*,*,#891,.F.);
#394=ORIENTED_EDGE('',*,*,#892,.T.);
#395=ORIENTED_EDGE('',*,*,#893,.T.);
#396=ORIENTED_EDGE('',*,*,#845,.T.);
#397=ORIENTED_EDGE('',*,*,#894,.F.);
#398=ORIENTED_EDGE('',*,*,#895,.F.);
#399=ORIENTED_EDGE('',*,*,#891,.T.);
#400=ORIENTED_EDGE('',*,*,#856,.T.);
#401=ORIENTED_EDGE('',*,*,#896,.F.);
#402=ORIENTED_EDGE('',*,*,#897,.F.);
#403=ORIENTED_EDGE('',*,*,#894,.T.);
#404=ORIENTED_EDGE('',*,*,#855,.T.);
#405=ORIENTED_EDGE('',*,*,#898,.F.);
#406=ORIENTED_EDGE('',*,*,#899,.F.);
#407=ORIENTED_EDGE('',*,*,#896,.T.);
#408=ORIENTED_EDGE('',*,*,#854,.T.);
#409=ORIENTED_EDGE('',*,*,#900,.F.);
#410=ORIENTED_EDGE('',*,*,#901,.F.);
#411=ORIENTED_EDGE('',*,*,#898,.T.);
#412=ORIENTED_EDGE('',*,*,#853,.F.);
#413=ORIENTED_EDGE('',*,*,#902,.F.);
#414=ORIENTED_EDGE('',*,*,#903,.T.);
#415=ORIENTED_EDGE('',*,*,#900,.T.);
#416=ORIENTED_EDGE('',*,*,#852,.T.);
#417=ORIENTED_EDGE('',*,*,#904,.F.);
#418=ORIENTED_EDGE('',*,*,#905,.F.);
#419=ORIENTED_EDGE('',*,*,#902,.T.);
#420=ORIENTED_EDGE('',*,*,#851,.F.);
#421=ORIENTED_EDGE('',*,*,#906,.F.);
#422=ORIENTED_EDGE('',*,*,#907,.T.);
#423=ORIENTED_EDGE('',*,*,#904,.T.);
#424=ORIENTED_EDGE('',*,*,#850,.F.);
#425=ORIENTED_EDGE('',*,*,#908,.F.);
#426=ORIENTED_EDGE('',*,*,#909,.T.);
#427=ORIENTED_EDGE('',*,*,#906,.T.);
#428=ORIENTED_EDGE('',*,*,#849,.F.);
#429=ORIENTED_EDGE('',*,*,#910,.F.);
#430=ORIENTED_EDGE('',*,*,#911,.T.);
#431=ORIENTED_EDGE('',*,*,#908,.T.);
#432=ORIENTED_EDGE('',*,*,#848,.F.);
#433=ORIENTED_EDGE('',*,*,#912,.F.);
#434=ORIENTED_EDGE('',*,*,#913,.T.);
#435=ORIENTED_EDGE('',*,*,#910,.T.);
#436=ORIENTED_EDGE('',*,*,#847,.T.);
#437=ORIENTED_EDGE('',*,*,#893,.F.);
#438=ORIENTED_EDGE('',*,*,#914,.F.);
#439=ORIENTED_EDGE('',*,*,#912,.T.);
#440=ORIENTED_EDGE('',*,*,#892,.F.);
#441=ORIENTED_EDGE('',*,*,#895,.T.);
#442=ORIENTED_EDGE('',*,*,#897,.T.);
#443=ORIENTED_EDGE('',*,*,#899,.T.);
#444=ORIENTED_EDGE('',*,*,#901,.T.);
#445=ORIENTED_EDGE('',*,*,#903,.F.);
#446=ORIENTED_EDGE('',*,*,#905,.T.);
#447=ORIENTED_EDGE('',*,*,#907,.F.);
#448=ORIENTED_EDGE('',*,*,#909,.F.);
#449=ORIENTED_EDGE('',*,*,#911,.F.);
#450=ORIENTED_EDGE('',*,*,#913,.F.);
#451=ORIENTED_EDGE('',*,*,#914,.T.);
#452=ORIENTED_EDGE('',*,*,#915,.F.);
#453=ORIENTED_EDGE('',*,*,#874,.T.);
#454=ORIENTED_EDGE('',*,*,#915,.T.);
#455=ORIENTED_EDGE('',*,*,#916,.T.);
#456=ORIENTED_EDGE('',*,*,#869,.T.);
#457=ORIENTED_EDGE('',*,*,#917,.T.);
#458=ORIENTED_EDGE('',*,*,#888,.F.);
#459=ORIENTED_EDGE('',*,*,#862,.F.);
#460=ORIENTED_EDGE('',*,*,#875,.F.);
#461=ORIENTED_EDGE('',*,*,#866,.F.);
#462=ORIENTED_EDGE('',*,*,#889,.F.);
#463=ORIENTED_EDGE('',*,*,#868,.F.);
#464=ORIENTED_EDGE('',*,*,#878,.F.);
#465=ORIENTED_EDGE('',*,*,#871,.F.);
#466=ORIENTED_EDGE('',*,*,#887,.F.);
#467=ORIENTED_EDGE('',*,*,#858,.F.);
#468=ORIENTED_EDGE('',*,*,#876,.F.);
#469=ORIENTED_EDGE('',*,*,#864,.F.);
#470=ORIENTED_EDGE('',*,*,#890,.F.);
#471=ORIENTED_EDGE('',*,*,#873,.F.);
#472=ORIENTED_EDGE('',*,*,#877,.F.);
#473=ORIENTED_EDGE('',*,*,#860,.F.);
#474=ORIENTED_EDGE('',*,*,#916,.F.);
#475=ORIENTED_EDGE('',*,*,#917,.F.);
#476=ORIENTED_EDGE('',*,*,#918,.T.);
#477=ORIENTED_EDGE('',*,*,#919,.T.);
#478=ORIENTED_EDGE('',*,*,#920,.T.);
#479=ORIENTED_EDGE('',*,*,#921,.F.);
#480=ORIENTED_EDGE('',*,*,#922,.F.);
#481=ORIENTED_EDGE('',*,*,#923,.T.);
#482=ORIENTED_EDGE('',*,*,#924,.T.);
#483=ORIENTED_EDGE('',*,*,#925,.F.);
#484=ORIENTED_EDGE('',*,*,#926,.T.);
#485=ORIENTED_EDGE('',*,*,#927,.T.);
#486=ORIENTED_EDGE('',*,*,#928,.T.);
#487=ORIENTED_EDGE('',*,*,#929,.T.);
#488=ORIENTED_EDGE('',*,*,#930,.T.);
#489=ORIENTED_EDGE('',*,*,#931,.F.);
#490=ORIENTED_EDGE('',*,*,#932,.T.);
#491=ORIENTED_EDGE('',*,*,#933,.T.);
#492=ORIENTED_EDGE('',*,*,#934,.T.);
#493=ORIENTED_EDGE('',*,*,#935,.T.);
#494=ORIENTED_EDGE('',*,*,#936,.F.);
#495=ORIENTED_EDGE('',*,*,#937,.F.);
#496=ORIENTED_EDGE('',*,*,#938,.F.);
#497=ORIENTED_EDGE('',*,*,#939,.T.);
#498=ORIENTED_EDGE('',*,*,#940,.F.);
#499=ORIENTED_EDGE('',*,*,#941,.T.);
#500=ORIENTED_EDGE('',*,*,#942,.F.);
#501=ORIENTED_EDGE('',*,*,#943,.F.);
#502=ORIENTED_EDGE('',*,*,#944,.F.);
#503=ORIENTED_EDGE('',*,*,#945,.T.);
#504=ORIENTED_EDGE('',*,*,#946,.F.);
#505=ORIENTED_EDGE('',*,*,#947,.T.);
#506=ORIENTED_EDGE('',*,*,#948,.T.);
#507=ORIENTED_EDGE('',*,*,#949,.F.);
#508=ORIENTED_EDGE('',*,*,#950,.F.);
#509=ORIENTED_EDGE('',*,*,#951,.T.);
#510=ORIENTED_EDGE('',*,*,#952,.T.);
#511=ORIENTED_EDGE('',*,*,#948,.F.);
#512=ORIENTED_EDGE('',*,*,#953,.T.);
#513=ORIENTED_EDGE('',*,*,#954,.T.);
#514=ORIENTED_EDGE('',*,*,#955,.T.);
#515=ORIENTED_EDGE('',*,*,#928,.F.);
#516=ORIENTED_EDGE('',*,*,#956,.F.);
#517=ORIENTED_EDGE('',*,*,#957,.T.);
#518=ORIENTED_EDGE('',*,*,#958,.T.);
#519=ORIENTED_EDGE('',*,*,#930,.F.);
#520=ORIENTED_EDGE('',*,*,#959,.T.);
#521=ORIENTED_EDGE('',*,*,#960,.T.);
#522=ORIENTED_EDGE('',*,*,#961,.T.);
#523=ORIENTED_EDGE('',*,*,#934,.F.);
#524=ORIENTED_EDGE('',*,*,#962,.F.);
#525=ORIENTED_EDGE('',*,*,#963,.T.);
#526=ORIENTED_EDGE('',*,*,#964,.T.);
#527=ORIENTED_EDGE('',*,*,#924,.F.);
#528=ORIENTED_EDGE('',*,*,#965,.T.);
#529=ORIENTED_EDGE('',*,*,#966,.T.);
#530=ORIENTED_EDGE('',*,*,#967,.F.);
#531=ORIENTED_EDGE('',*,*,#920,.F.);
#532=ORIENTED_EDGE('',*,*,#968,.F.);
#533=ORIENTED_EDGE('',*,*,#969,.T.);
#534=ORIENTED_EDGE('',*,*,#970,.T.);
#535=ORIENTED_EDGE('',*,*,#942,.T.);
#536=ORIENTED_EDGE('',*,*,#971,.T.);
#537=ORIENTED_EDGE('',*,*,#972,.F.);
#538=ORIENTED_EDGE('',*,*,#973,.T.);
#539=ORIENTED_EDGE('',*,*,#946,.T.);
#540=ORIENTED_EDGE('',*,*,#974,.T.);
#541=ORIENTED_EDGE('',*,*,#975,.F.);
#542=ORIENTED_EDGE('',*,*,#976,.F.);
#543=ORIENTED_EDGE('',*,*,#922,.T.);
#544=ORIENTED_EDGE('',*,*,#976,.T.);
#545=ORIENTED_EDGE('',*,*,#977,.T.);
#546=ORIENTED_EDGE('',*,*,#965,.F.);
#547=ORIENTED_EDGE('',*,*,#923,.F.);
#548=ORIENTED_EDGE('',*,*,#967,.T.);
#549=ORIENTED_EDGE('',*,*,#978,.F.);
#550=ORIENTED_EDGE('',*,*,#974,.F.);
#551=ORIENTED_EDGE('',*,*,#921,.T.);
#552=ORIENTED_EDGE('',*,*,#979,.F.);
#553=ORIENTED_EDGE('',*,*,#980,.T.);
#554=ORIENTED_EDGE('',*,*,#981,.T.);
#555=ORIENTED_EDGE('',*,*,#936,.T.);
#556=ORIENTED_EDGE('',*,*,#982,.T.);
#557=ORIENTED_EDGE('',*,*,#983,.F.);
#558=ORIENTED_EDGE('',*,*,#984,.T.);
#559=ORIENTED_EDGE('',*,*,#940,.T.);
#560=ORIENTED_EDGE('',*,*,#985,.T.);
#561=ORIENTED_EDGE('',*,*,#986,.T.);
#562=ORIENTED_EDGE('',*,*,#987,.T.);
#563=ORIENTED_EDGE('',*,*,#988,.T.);
#564=ORIENTED_EDGE('',*,*,#989,.T.);
#565=ORIENTED_EDGE('',*,*,#990,.F.);
#566=ORIENTED_EDGE('',*,*,#972,.T.);
#567=ORIENTED_EDGE('',*,*,#991,.T.);
#568=ORIENTED_EDGE('',*,*,#983,.T.);
#569=ORIENTED_EDGE('',*,*,#992,.T.);
#570=ORIENTED_EDGE('',*,*,#960,.F.);
#571=ORIENTED_EDGE('',*,*,#993,.T.);
#572=ORIENTED_EDGE('',*,*,#954,.F.);
#573=ORIENTED_EDGE('',*,*,#994,.T.);
#574=ORIENTED_EDGE('',*,*,#995,.F.);
#575=ORIENTED_EDGE('',*,*,#990,.T.);
#576=ORIENTED_EDGE('',*,*,#977,.F.);
#577=ORIENTED_EDGE('',*,*,#975,.T.);
#578=ORIENTED_EDGE('',*,*,#978,.T.);
#579=ORIENTED_EDGE('',*,*,#966,.F.);
#580=ORIENTED_EDGE('',*,*,#995,.T.);
#581=ORIENTED_EDGE('',*,*,#996,.T.);
#582=ORIENTED_EDGE('',*,*,#989,.F.);
#583=ORIENTED_EDGE('',*,*,#996,.F.);
#584=ORIENTED_EDGE('',*,*,#997,.T.);
#585=ORIENTED_EDGE('',*,*,#988,.F.);
#586=ORIENTED_EDGE('',*,*,#997,.F.);
#587=ORIENTED_EDGE('',*,*,#998,.T.);
#588=ORIENTED_EDGE('',*,*,#987,.F.);
#589=ORIENTED_EDGE('',*,*,#998,.F.);
#590=ORIENTED_EDGE('',*,*,#999,.T.);
#591=ORIENTED_EDGE('',*,*,#986,.F.);
#592=ORIENTED_EDGE('',*,*,#999,.F.);
#593=ORIENTED_EDGE('',*,*,#1000,.T.);
#594=ORIENTED_EDGE('',*,*,#985,.F.);
#595=ORIENTED_EDGE('',*,*,#1000,.F.);
#596=ORIENTED_EDGE('',*,*,#941,.F.);
#597=ORIENTED_EDGE('',*,*,#984,.F.);
#598=ORIENTED_EDGE('',*,*,#991,.F.);
#599=ORIENTED_EDGE('',*,*,#971,.F.);
#600=ORIENTED_EDGE('',*,*,#947,.F.);
#601=ORIENTED_EDGE('',*,*,#973,.F.);
#602=ORIENTED_EDGE('',*,*,#994,.F.);
#603=ORIENTED_EDGE('',*,*,#953,.F.);
#604=ORIENTED_EDGE('',*,*,#929,.F.);
#605=ORIENTED_EDGE('',*,*,#955,.F.);
#606=ORIENTED_EDGE('',*,*,#993,.F.);
#607=ORIENTED_EDGE('',*,*,#959,.F.);
#608=ORIENTED_EDGE('',*,*,#935,.F.);
#609=ORIENTED_EDGE('',*,*,#961,.F.);
#610=ORIENTED_EDGE('',*,*,#992,.F.);
#611=ORIENTED_EDGE('',*,*,#982,.F.);
#612=ORIENTED_EDGE('',*,*,#963,.F.);
#613=ORIENTED_EDGE('',*,*,#1001,.F.);
#614=ORIENTED_EDGE('',*,*,#1002,.T.);
#615=ORIENTED_EDGE('',*,*,#1003,.T.);
#616=ORIENTED_EDGE('',*,*,#962,.T.);
#617=ORIENTED_EDGE('',*,*,#919,.F.);
#618=ORIENTED_EDGE('',*,*,#1004,.F.);
#619=ORIENTED_EDGE('',*,*,#1001,.T.);
#620=ORIENTED_EDGE('',*,*,#964,.F.);
#621=ORIENTED_EDGE('',*,*,#1003,.F.);
#622=ORIENTED_EDGE('',*,*,#1005,.T.);
#623=ORIENTED_EDGE('',*,*,#925,.T.);
#624=ORIENTED_EDGE('',*,*,#1006,.T.);
#625=ORIENTED_EDGE('',*,*,#1007,.T.);
#626=ORIENTED_EDGE('',*,*,#1008,.F.);
#627=ORIENTED_EDGE('',*,*,#1009,.F.);
#628=ORIENTED_EDGE('',*,*,#1002,.F.);
#629=ORIENTED_EDGE('',*,*,#1004,.T.);
#630=ORIENTED_EDGE('',*,*,#918,.F.);
#631=ORIENTED_EDGE('',*,*,#1005,.F.);
#632=ORIENTED_EDGE('',*,*,#1010,.F.);
#633=ORIENTED_EDGE('',*,*,#1011,.T.);
#634=ORIENTED_EDGE('',*,*,#1012,.T.);
#635=ORIENTED_EDGE('',*,*,#1006,.F.);
#636=ORIENTED_EDGE('',*,*,#1013,.F.);
#637=ORIENTED_EDGE('',*,*,#1014,.T.);
#638=ORIENTED_EDGE('',*,*,#1010,.T.);
#639=ORIENTED_EDGE('',*,*,#1009,.T.);
#640=ORIENTED_EDGE('',*,*,#1015,.F.);
#641=ORIENTED_EDGE('',*,*,#1016,.T.);
#642=ORIENTED_EDGE('',*,*,#1017,.F.);
#643=ORIENTED_EDGE('',*,*,#1018,.T.);
#644=ORIENTED_EDGE('',*,*,#1015,.T.);
#645=ORIENTED_EDGE('',*,*,#1008,.T.);
#646=ORIENTED_EDGE('',*,*,#1012,.F.);
#647=ORIENTED_EDGE('',*,*,#1019,.T.);
#648=ORIENTED_EDGE('',*,*,#1020,.T.);
#649=ORIENTED_EDGE('',*,*,#1021,.T.);
#650=ORIENTED_EDGE('',*,*,#1017,.T.);
#651=ORIENTED_EDGE('',*,*,#1007,.F.);
#652=ORIENTED_EDGE('',*,*,#1020,.F.);
#653=ORIENTED_EDGE('',*,*,#1022,.T.);
#654=ORIENTED_EDGE('',*,*,#1013,.T.);
#655=ORIENTED_EDGE('',*,*,#1023,.T.);
#656=ORIENTED_EDGE('',*,*,#1014,.F.);
#657=ORIENTED_EDGE('',*,*,#1022,.F.);
#658=ORIENTED_EDGE('',*,*,#1019,.F.);
#659=ORIENTED_EDGE('',*,*,#1011,.F.);
#660=ORIENTED_EDGE('',*,*,#1016,.F.);
#661=ORIENTED_EDGE('',*,*,#1018,.F.);
#662=ORIENTED_EDGE('',*,*,#1021,.F.);
#663=ORIENTED_EDGE('',*,*,#1023,.F.);
#664=ORIENTED_EDGE('',*,*,#969,.F.);
#665=ORIENTED_EDGE('',*,*,#1024,.F.);
#666=ORIENTED_EDGE('',*,*,#1025,.T.);
#667=ORIENTED_EDGE('',*,*,#1026,.T.);
#668=ORIENTED_EDGE('',*,*,#968,.T.);
#669=ORIENTED_EDGE('',*,*,#945,.F.);
#670=ORIENTED_EDGE('',*,*,#1027,.F.);
#671=ORIENTED_EDGE('',*,*,#1024,.T.);
#672=ORIENTED_EDGE('',*,*,#970,.F.);
#673=ORIENTED_EDGE('',*,*,#1026,.F.);
#674=ORIENTED_EDGE('',*,*,#1028,.T.);
#675=ORIENTED_EDGE('',*,*,#943,.T.);
#676=ORIENTED_EDGE('',*,*,#1025,.F.);
#677=ORIENTED_EDGE('',*,*,#1027,.T.);
#678=ORIENTED_EDGE('',*,*,#944,.T.);
#679=ORIENTED_EDGE('',*,*,#1028,.F.);
#680=ORIENTED_EDGE('',*,*,#980,.F.);
#681=ORIENTED_EDGE('',*,*,#1029,.F.);
#682=ORIENTED_EDGE('',*,*,#1030,.T.);
#683=ORIENTED_EDGE('',*,*,#1031,.T.);
#684=ORIENTED_EDGE('',*,*,#979,.T.);
#685=ORIENTED_EDGE('',*,*,#939,.F.);
#686=ORIENTED_EDGE('',*,*,#1032,.F.);
#687=ORIENTED_EDGE('',*,*,#1029,.T.);
#688=ORIENTED_EDGE('',*,*,#981,.F.);
#689=ORIENTED_EDGE('',*,*,#1031,.F.);
#690=ORIENTED_EDGE('',*,*,#1033,.T.);
#691=ORIENTED_EDGE('',*,*,#937,.T.);
#692=ORIENTED_EDGE('',*,*,#1030,.F.);
#693=ORIENTED_EDGE('',*,*,#1032,.T.);
#694=ORIENTED_EDGE('',*,*,#938,.T.);
#695=ORIENTED_EDGE('',*,*,#1033,.F.);
#696=ORIENTED_EDGE('',*,*,#957,.F.);
#697=ORIENTED_EDGE('',*,*,#1034,.F.);
#698=ORIENTED_EDGE('',*,*,#1035,.T.);
#699=ORIENTED_EDGE('',*,*,#1036,.T.);
#700=ORIENTED_EDGE('',*,*,#956,.T.);
#701=ORIENTED_EDGE('',*,*,#933,.F.);
#702=ORIENTED_EDGE('',*,*,#1037,.F.);
#703=ORIENTED_EDGE('',*,*,#1034,.T.);
#704=ORIENTED_EDGE('',*,*,#958,.F.);
#705=ORIENTED_EDGE('',*,*,#1036,.F.);
#706=ORIENTED_EDGE('',*,*,#1038,.T.);
#707=ORIENTED_EDGE('',*,*,#931,.T.);
#708=ORIENTED_EDGE('',*,*,#1035,.F.);
#709=ORIENTED_EDGE('',*,*,#1037,.T.);
#710=ORIENTED_EDGE('',*,*,#932,.F.);
#711=ORIENTED_EDGE('',*,*,#1038,.F.);
#712=ORIENTED_EDGE('',*,*,#951,.F.);
#713=ORIENTED_EDGE('',*,*,#1039,.F.);
#714=ORIENTED_EDGE('',*,*,#1040,.T.);
#715=ORIENTED_EDGE('',*,*,#1041,.T.);
#716=ORIENTED_EDGE('',*,*,#950,.T.);
#717=ORIENTED_EDGE('',*,*,#927,.F.);
#718=ORIENTED_EDGE('',*,*,#1042,.F.);
#719=ORIENTED_EDGE('',*,*,#1039,.T.);
#720=ORIENTED_EDGE('',*,*,#952,.F.);
#721=ORIENTED_EDGE('',*,*,#1041,.F.);
#722=ORIENTED_EDGE('',*,*,#1043,.T.);
#723=ORIENTED_EDGE('',*,*,#949,.T.);
#724=ORIENTED_EDGE('',*,*,#1040,.F.);
#725=ORIENTED_EDGE('',*,*,#1042,.T.);
#726=ORIENTED_EDGE('',*,*,#926,.F.);
#727=ORIENTED_EDGE('',*,*,#1043,.F.);
#728=EDGE_CURVE('',#1044,#1045,#1257,.T.);
#729=EDGE_CURVE('',#1044,#1046,#51,.F.);
#730=EDGE_CURVE('',#1046,#1047,#1258,.T.);
#731=EDGE_CURVE('',#1048,#1047,#1259,.T.);
#732=EDGE_CURVE('',#1049,#1048,#1260,.T.);
#733=EDGE_CURVE('',#1050,#1049,#1261,.T.);
#734=EDGE_CURVE('',#1050,#1045,#1262,.T.);
#735=EDGE_CURVE('',#1051,#1052,#1263,.T.);
#736=EDGE_CURVE('',#1052,#1053,#52,.F.);
#737=EDGE_CURVE('',#1053,#1054,#1264,.T.);
#738=EDGE_CURVE('',#1055,#1054,#1265,.T.);
#739=EDGE_CURVE('',#1055,#1056,#1266,.T.);
#740=EDGE_CURVE('',#1057,#1056,#1267,.T.);
#741=EDGE_CURVE('',#1057,#1051,#1268,.T.);
#742=EDGE_CURVE('',#1058,#1059,#1269,.T.);
#743=EDGE_CURVE('',#1058,#1060,#53,.F.);
#744=EDGE_CURVE('',#1061,#1060,#1270,.T.);
#745=EDGE_CURVE('',#1062,#1061,#1271,.T.);
#746=EDGE_CURVE('',#1063,#1062,#1272,.T.);
#747=EDGE_CURVE('',#1063,#1064,#1273,.T.);
#748=EDGE_CURVE('',#1064,#1059,#1274,.T.);
#749=EDGE_CURVE('',#1065,#1066,#1275,.T.);
#750=EDGE_CURVE('',#1066,#1067,#54,.F.);
#751=EDGE_CURVE('',#1068,#1067,#1276,.T.);
#752=EDGE_CURVE('',#1069,#1068,#1277,.T.);
#753=EDGE_CURVE('',#1069,#1070,#1278,.T.);
#754=EDGE_CURVE('',#1070,#1071,#1279,.T.);
#755=EDGE_CURVE('',#1071,#1065,#1280,.T.);
#756=EDGE_CURVE('',#1072,#1073,#1281,.T.);
#757=EDGE_CURVE('',#1072,#1074,#1282,.T.);
#758=EDGE_CURVE('',#1074,#1075,#1283,.T.);
#759=EDGE_CURVE('',#1073,#1075,#1284,.T.);
#760=EDGE_CURVE('',#1072,#1076,#1285,.T.);
#761=EDGE_CURVE('',#1073,#1077,#1286,.T.);
#762=EDGE_CURVE('',#1076,#1077,#1287,.T.);
#763=EDGE_CURVE('',#1076,#1078,#1288,.T.);
#764=EDGE_CURVE('',#1077,#1079,#1289,.T.);
#765=EDGE_CURVE('',#1078,#1079,#1290,.T.);
#766=EDGE_CURVE('',#1074,#1078,#1291,.T.);
#767=EDGE_CURVE('',#1075,#1079,#1292,.T.);
#768=EDGE_CURVE('',#1080,#1081,#1293,.T.);
#769=EDGE_CURVE('',#1080,#1082,#55,.T.);
#770=EDGE_CURVE('',#1083,#1082,#1294,.T.);
#771=EDGE_CURVE('',#1083,#1084,#56,.T.);
#772=EDGE_CURVE('',#1084,#1085,#1295,.T.);
#773=EDGE_CURVE('',#1085,#1086,#57,.T.);
#774=EDGE_CURVE('',#1086,#1087,#1296,.T.);
#775=EDGE_CURVE('',#1087,#1081,#58,.T.);
#776=EDGE_CURVE('',#1082,#1052,#1297,.T.);
#777=EDGE_CURVE('',#1047,#1051,#1298,.T.);
#778=EDGE_CURVE('',#1046,#1083,#1299,.F.);
#779=EDGE_CURVE('',#1084,#1044,#1300,.T.);
#780=EDGE_CURVE('',#1045,#1061,#1301,.T.);
#781=EDGE_CURVE('',#1060,#1085,#1302,.F.);
#782=EDGE_CURVE('',#1067,#1087,#1303,.F.);
#783=EDGE_CURVE('',#1086,#1058,#1304,.T.);
#784=EDGE_CURVE('',#1059,#1068,#1305,.T.);
#785=EDGE_CURVE('',#1053,#1080,#1306,.F.);
#786=EDGE_CURVE('',#1081,#1066,#1307,.T.);
#787=EDGE_CURVE('',#1054,#1065,#1308,.T.);
#788=EDGE_CURVE('',#1088,#1063,#1309,.T.);
#789=EDGE_CURVE('',#1088,#1089,#1310,.T.);
#790=EDGE_CURVE('',#1089,#1070,#1311,.T.);
#791=EDGE_CURVE('',#1090,#1069,#1312,.T.);
#792=EDGE_CURVE('',#1091,#1090,#1313,.T.);
#793=EDGE_CURVE('',#1091,#1064,#1314,.T.);
#794=EDGE_CURVE('',#1092,#1062,#1315,.T.);
#795=EDGE_CURVE('',#1092,#1093,#1316,.T.);
#796=EDGE_CURVE('',#1093,#1050,#1317,.T.);
#797=EDGE_CURVE('',#1094,#1049,#1318,.T.);
#798=EDGE_CURVE('',#1088,#1094,#1319,.T.);
#799=EDGE_CURVE('',#1048,#1057,#1320,.T.);
#800=EDGE_CURVE('',#1095,#1056,#1321,.T.);
#801=EDGE_CURVE('',#1094,#1095,#1322,.T.);
#802=EDGE_CURVE('',#1089,#1095,#1323,.T.);
#803=EDGE_CURVE('',#1096,#1055,#1324,.T.);
#804=EDGE_CURVE('',#1097,#1096,#1325,.T.);
#805=EDGE_CURVE('',#1097,#1071,#1326,.T.);
#806=EDGE_CURVE('',#1091,#1098,#1327,.T.);
#807=EDGE_CURVE('',#1098,#1099,#1328,.T.);
#808=EDGE_CURVE('',#1059,#1099,#1329,.T.);
#809=EDGE_CURVE('',#1068,#1100,#1330,.T.);
#810=EDGE_CURVE('',#1101,#1100,#1331,.T.);
#811=EDGE_CURVE('',#1090,#1101,#1332,.T.);
#812=EDGE_CURVE('',#1100,#1099,#1333,.T.);
#813=EDGE_CURVE('',#1101,#1098,#1334,.T.);
#814=EDGE_CURVE('',#1093,#1102,#1335,.T.);
#815=EDGE_CURVE('',#1102,#1103,#1336,.T.);
#816=EDGE_CURVE('',#1045,#1103,#1337,.T.);
#817=EDGE_CURVE('',#1061,#1104,#1338,.T.);
#818=EDGE_CURVE('',#1105,#1104,#1339,.T.);
#819=EDGE_CURVE('',#1092,#1105,#1340,.T.);
#820=EDGE_CURVE('',#1104,#1103,#1341,.T.);
#821=EDGE_CURVE('',#1105,#1102,#1342,.T.);
#822=EDGE_CURVE('',#1054,#1106,#1343,.T.);
#823=EDGE_CURVE('',#1065,#1107,#1344,.T.);
#824=EDGE_CURVE('',#1106,#1107,#1345,.T.);
#825=EDGE_CURVE('',#1108,#1106,#1346,.T.);
#826=EDGE_CURVE('',#1096,#1108,#1347,.T.);
#827=EDGE_CURVE('',#1109,#1107,#1348,.T.);
#828=EDGE_CURVE('',#1108,#1109,#1349,.T.);
#829=EDGE_CURVE('',#1097,#1109,#1350,.T.);
#830=EDGE_CURVE('',#1047,#1110,#1351,.T.);
#831=EDGE_CURVE('',#1051,#1111,#1352,.T.);
#832=EDGE_CURVE('',#1110,#1111,#1353,.T.);
#833=EDGE_CURVE('',#1112,#1057,#1354,.T.);
#834=EDGE_CURVE('',#1112,#1113,#1355,.T.);
#835=EDGE_CURVE('',#1113,#1111,#1356,.T.);
#836=EDGE_CURVE('',#1114,#1048,#1357,.T.);
#837=EDGE_CURVE('',#1114,#1112,#1358,.T.);
#838=EDGE_CURVE('',#1115,#1110,#1359,.T.);
#839=EDGE_CURVE('',#1114,#1115,#1360,.T.);
#840=EDGE_CURVE('',#1115,#1113,#1361,.T.);
#841=EDGE_CURVE('',#1116,#1117,#1362,.T.);
#842=EDGE_CURVE('',#1116,#1118,#1363,.T.);
#843=EDGE_CURVE('',#1118,#1119,#1364,.T.);
#844=EDGE_CURVE('',#1117,#1119,#1365,.T.);
#845=EDGE_CURVE('',#1120,#1121,#1366,.T.);
#846=EDGE_CURVE('',#1120,#1122,#1367,.T.);
#847=EDGE_CURVE('',#1123,#1122,#1368,.T.);
#848=EDGE_CURVE('',#1123,#1124,#1369,.T.);
#849=EDGE_CURVE('',#1124,#1125,#1370,.T.);
#850=EDGE_CURVE('',#1125,#1126,#1371,.T.);
#851=EDGE_CURVE('',#1126,#1127,#1372,.T.);
#852=EDGE_CURVE('',#1128,#1127,#1373,.T.);
#853=EDGE_CURVE('',#1128,#1129,#1374,.T.);
#854=EDGE_CURVE('',#1130,#1129,#1375,.T.);
#855=EDGE_CURVE('',#1131,#1130,#1376,.T.);
#856=EDGE_CURVE('',#1121,#1131,#1377,.T.);
#857=EDGE_CURVE('',#1132,#1133,#1378,.T.);
#858=EDGE_CURVE('',#1132,#1134,#1379,.F.);
#859=EDGE_CURVE('',#1134,#1135,#1380,.T.);
#860=EDGE_CURVE('',#1135,#1133,#1381,.T.);
#861=EDGE_CURVE('',#1136,#1137,#1382,.T.);
#862=EDGE_CURVE('',#1137,#1138,#1383,.F.);
#863=EDGE_CURVE('',#1139,#1138,#1384,.T.);
#864=EDGE_CURVE('',#1139,#1136,#1385,.T.);
#865=EDGE_CURVE('',#1140,#1141,#1386,.T.);
#866=EDGE_CURVE('',#1140,#1142,#1387,.T.);
#867=EDGE_CURVE('',#1142,#1143,#1388,.T.);
#868=EDGE_CURVE('',#1143,#1141,#1389,.F.);
#869=EDGE_CURVE('',#1144,#1144,#59,.T.);
#870=EDGE_CURVE('',#1145,#1146,#1390,.T.);
#871=EDGE_CURVE('',#1146,#1147,#1391,.T.);
#872=EDGE_CURVE('',#1148,#1147,#1392,.T.);
#873=EDGE_CURVE('',#1148,#1145,#1393,.F.);
#874=EDGE_CURVE('',#1149,#1149,#60,.T.);
#875=EDGE_CURVE('',#1142,#1137,#61,.F.);
#876=EDGE_CURVE('',#1136,#1132,#62,.F.);
#877=EDGE_CURVE('',#1133,#1148,#63,.F.);
#878=EDGE_CURVE('',#1147,#1143,#64,.F.);
#879=EDGE_CURVE('',#1150,#1151,#1394,.T.);
#880=EDGE_CURVE('',#1116,#1150,#1395,.T.);
#881=EDGE_CURVE('',#1117,#1151,#1396,.T.);
#882=EDGE_CURVE('',#1150,#1152,#1397,.T.);
#883=EDGE_CURVE('',#1118,#1152,#1398,.T.);
#884=EDGE_CURVE('',#1152,#1153,#1399,.T.);
#885=EDGE_CURVE('',#1119,#1153,#1400,.T.);
#886=EDGE_CURVE('',#1151,#1153,#1401,.T.);
#887=EDGE_CURVE('',#1134,#1139,#65,.T.);
#888=EDGE_CURVE('',#1138,#1140,#66,.T.);
#889=EDGE_CURVE('',#1141,#1146,#67,.T.);
#890=EDGE_CURVE('',#1145,#1135,#68,.T.);
#891=EDGE_CURVE('',#1154,#1120,#1402,.T.);
#892=EDGE_CURVE('',#1154,#1155,#1403,.T.);
#893=EDGE_CURVE('',#1155,#1122,#1404,.T.);
#894=EDGE_CURVE('',#1156,#1121,#1405,.T.);
#895=EDGE_CURVE('',#1154,#1156,#1406,.T.);
#896=EDGE_CURVE('',#1157,#1131,#1407,.T.);
#897=EDGE_CURVE('',#1156,#1157,#1408,.T.);
#898=EDGE_CURVE('',#1158,#1130,#1409,.T.);
#899=EDGE_CURVE('',#1157,#1158,#1410,.T.);
#900=EDGE_CURVE('',#1159,#1129,#1411,.T.);
#901=EDGE_CURVE('',#1158,#1159,#1412,.T.);
#902=EDGE_CURVE('',#1160,#1128,#1413,.T.);
#903=EDGE_CURVE('',#1160,#1159,#1414,.T.);
#904=EDGE_CURVE('',#1161,#1127,#1415,.T.);
#905=EDGE_CURVE('',#1160,#1161,#1416,.T.);
#906=EDGE_CURVE('',#1162,#1126,#1417,.T.);
#907=EDGE_CURVE('',#1162,#1161,#1418,.T.);
#908=EDGE_CURVE('',#1163,#1125,#1419,.T.);
#909=EDGE_CURVE('',#1163,#1162,#1420,.T.);
#910=EDGE_CURVE('',#1164,#1124,#1421,.T.);
#911=EDGE_CURVE('',#1164,#1163,#1422,.T.);
#912=EDGE_CURVE('',#1165,#1123,#1423,.T.);
#913=EDGE_CURVE('',#1165,#1164,#1424,.T.);
#914=EDGE_CURVE('',#1165,#1155,#1425,.T.);
#915=EDGE_CURVE('',#1166,#1166,#69,.T.);
#916=EDGE_CURVE('',#1167,#1167,#70,.F.);
#917=EDGE_CURVE('',#1168,#1168,#71,.T.);
#918=EDGE_CURVE('',#1169,#1170,#1426,.T.);
#919=EDGE_CURVE('',#1170,#1171,#1427,.T.);
#920=EDGE_CURVE('',#1171,#1172,#1428,.T.);
#921=EDGE_CURVE('',#1173,#1172,#1429,.T.);
#922=EDGE_CURVE('',#1174,#1173,#1430,.T.);
#923=EDGE_CURVE('',#1174,#1175,#1431,.T.);
#924=EDGE_CURVE('',#1175,#1176,#1432,.T.);
#925=EDGE_CURVE('',#1169,#1176,#1433,.T.);
#926=EDGE_CURVE('',#1177,#1178,#1434,.T.);
#927=EDGE_CURVE('',#1178,#1179,#1435,.T.);
#928=EDGE_CURVE('',#1179,#1180,#1436,.T.);
#929=EDGE_CURVE('',#1180,#1181,#72,.T.);
#930=EDGE_CURVE('',#1181,#1182,#1437,.T.);
#931=EDGE_CURVE('',#1183,#1182,#1438,.T.);
#932=EDGE_CURVE('',#1183,#1184,#1439,.T.);
#933=EDGE_CURVE('',#1184,#1185,#1440,.T.);
#934=EDGE_CURVE('',#1185,#1186,#1441,.T.);
#935=EDGE_CURVE('',#1186,#1187,#73,.T.);
#936=EDGE_CURVE('',#1188,#1187,#1442,.T.);
#937=EDGE_CURVE('',#1189,#1188,#1443,.T.);
#938=EDGE_CURVE('',#1190,#1189,#1444,.T.);
#939=EDGE_CURVE('',#1190,#1191,#1445,.T.);
#940=EDGE_CURVE('',#1192,#1191,#1446,.T.);
#941=EDGE_CURVE('',#1192,#1193,#74,.T.);
#942=EDGE_CURVE('',#1194,#1193,#1447,.T.);
#943=EDGE_CURVE('',#1195,#1194,#1448,.T.);
#944=EDGE_CURVE('',#1196,#1195,#1449,.T.);
#945=EDGE_CURVE('',#1196,#1197,#1450,.T.);
#946=EDGE_CURVE('',#1198,#1197,#1451,.T.);
#947=EDGE_CURVE('',#1198,#1199,#75,.T.);
#948=EDGE_CURVE('',#1199,#1200,#1452,.T.);
#949=EDGE_CURVE('',#1177,#1200,#1453,.T.);
#950=EDGE_CURVE('',#1201,#1179,#1454,.T.);
#951=EDGE_CURVE('',#1201,#1202,#1455,.T.);
#952=EDGE_CURVE('',#1202,#1200,#1456,.T.);
#953=EDGE_CURVE('',#1199,#1203,#1457,.T.);
#954=EDGE_CURVE('',#1203,#1204,#1458,.T.);
#955=EDGE_CURVE('',#1204,#1180,#1459,.F.);
#956=EDGE_CURVE('',#1205,#1185,#1460,.T.);
#957=EDGE_CURVE('',#1205,#1206,#1461,.T.);
#958=EDGE_CURVE('',#1206,#1182,#1462,.T.);
#959=EDGE_CURVE('',#1181,#1207,#1463,.T.);
#960=EDGE_CURVE('',#1207,#1208,#1464,.T.);
#961=EDGE_CURVE('',#1208,#1186,#1465,.F.);
#962=EDGE_CURVE('',#1209,#1171,#1466,.T.);
#963=EDGE_CURVE('',#1209,#1210,#1467,.T.);
#964=EDGE_CURVE('',#1210,#1176,#1468,.T.);
#965=EDGE_CURVE('',#1175,#1211,#1469,.T.);
#966=EDGE_CURVE('',#1211,#1212,#1470,.T.);
#967=EDGE_CURVE('',#1172,#1212,#1471,.T.);
#968=EDGE_CURVE('',#1213,#1197,#1472,.T.);
#969=EDGE_CURVE('',#1213,#1214,#1473,.T.);
#970=EDGE_CURVE('',#1214,#1194,#1474,.T.);
#971=EDGE_CURVE('',#1193,#1215,#1475,.T.);
#972=EDGE_CURVE('',#1216,#1215,#1476,.T.);
#973=EDGE_CURVE('',#1216,#1198,#1477,.F.);
#974=EDGE_CURVE('',#1173,#1217,#1478,.T.);
#975=EDGE_CURVE('',#1218,#1217,#1479,.T.);
#976=EDGE_CURVE('',#1174,#1218,#1480,.T.);
#977=EDGE_CURVE('',#1218,#1211,#1481,.T.);
#978=EDGE_CURVE('',#1217,#1212,#1482,.T.);
#979=EDGE_CURVE('',#1219,#1191,#1483,.T.);
#980=EDGE_CURVE('',#1219,#1220,#1484,.T.);
#981=EDGE_CURVE('',#1220,#1188,#1485,.T.);
#982=EDGE_CURVE('',#1187,#1221,#1486,.T.);
#983=EDGE_CURVE('',#1222,#1221,#1487,.T.);
#984=EDGE_CURVE('',#1222,#1192,#1488,.F.);
#985=EDGE_CURVE('',#1223,#1223,#76,.T.);
#986=EDGE_CURVE('',#1224,#1224,#77,.T.);
#987=EDGE_CURVE('',#1225,#1225,#78,.T.);
#988=EDGE_CURVE('',#1226,#1226,#79,.T.);
#989=EDGE_CURVE('',#1227,#1227,#80,.T.);
#990=EDGE_CURVE('',#1228,#1228,#81,.T.);
#991=EDGE_CURVE('',#1215,#1222,#82,.F.);
#992=EDGE_CURVE('',#1221,#1208,#83,.F.);
#993=EDGE_CURVE('',#1207,#1204,#84,.F.);
#994=EDGE_CURVE('',#1203,#1216,#85,.F.);
#995=EDGE_CURVE('',#1229,#1229,#86,.T.);
#996=EDGE_CURVE('',#1230,#1230,#87,.T.);
#997=EDGE_CURVE('',#1231,#1231,#88,.T.);
#998=EDGE_CURVE('',#1232,#1232,#89,.T.);
#999=EDGE_CURVE('',#1233,#1233,#90,.T.);
#1000=EDGE_CURVE('',#1234,#1234,#91,.T.);
#1001=EDGE_CURVE('',#1235,#1209,#1489,.T.);
#1002=EDGE_CURVE('',#1235,#1236,#1490,.T.);
#1003=EDGE_CURVE('',#1236,#1210,#1491,.T.);
#1004=EDGE_CURVE('',#1235,#1170,#1492,.T.);
#1005=EDGE_CURVE('',#1236,#1169,#1493,.T.);
#1006=EDGE_CURVE('',#1237,#1238,#1494,.T.);
#1007=EDGE_CURVE('',#1238,#1239,#1495,.T.);
#1008=EDGE_CURVE('',#1240,#1239,#1496,.T.);
#1009=EDGE_CURVE('',#1237,#1240,#1497,.T.);
#1010=EDGE_CURVE('',#1241,#1237,#1498,.T.);
#1011=EDGE_CURVE('',#1241,#1242,#1499,.T.);
#1012=EDGE_CURVE('',#1242,#1238,#1500,.T.);
#1013=EDGE_CURVE('',#1243,#1244,#1501,.T.);
#1014=EDGE_CURVE('',#1243,#1241,#92,.F.);
#1015=EDGE_CURVE('',#1245,#1240,#1502,.T.);
#1016=EDGE_CURVE('',#1245,#1244,#93,.F.);
#1017=EDGE_CURVE('',#1246,#1239,#1503,.T.);
#1018=EDGE_CURVE('',#1246,#1245,#1504,.F.);
#1019=EDGE_CURVE('',#1242,#1247,#94,.T.);
#1020=EDGE_CURVE('',#1247,#1248,#1505,.T.);
#1021=EDGE_CURVE('',#1248,#1246,#95,.T.);
#1022=EDGE_CURVE('',#1247,#1243,#1506,.F.);
#1023=EDGE_CURVE('',#1244,#1248,#1507,.T.);
#1024=EDGE_CURVE('',#1249,#1213,#1508,.T.);
#1025=EDGE_CURVE('',#1249,#1250,#1509,.T.);
#1026=EDGE_CURVE('',#1250,#1214,#1510,.T.);
#1027=EDGE_CURVE('',#1249,#1196,#1511,.T.);
#1028=EDGE_CURVE('',#1250,#1195,#1512,.T.);
#1029=EDGE_CURVE('',#1251,#1219,#1513,.T.);
#1030=EDGE_CURVE('',#1251,#1252,#1514,.T.);
#1031=EDGE_CURVE('',#1252,#1220,#1515,.T.);
#1032=EDGE_CURVE('',#1251,#1190,#1516,.T.);
#1033=EDGE_CURVE('',#1252,#1189,#1517,.T.);
#1034=EDGE_CURVE('',#1253,#1205,#1518,.T.);
#1035=EDGE_CURVE('',#1253,#1254,#1519,.T.);
#1036=EDGE_CURVE('',#1254,#1206,#1520,.T.);
#1037=EDGE_CURVE('',#1253,#1184,#1521,.T.);
#1038=EDGE_CURVE('',#1254,#1183,#1522,.T.);
#1039=EDGE_CURVE('',#1255,#1201,#1523,.T.);
#1040=EDGE_CURVE('',#1255,#1256,#1524,.T.);
#1041=EDGE_CURVE('',#1256,#1202,#1525,.T.);
#1042=EDGE_CURVE('',#1255,#1178,#1526,.T.);
#1043=EDGE_CURVE('',#1256,#1177,#1527,.T.);
#1044=VERTEX_POINT('',#3186);
#1045=VERTEX_POINT('',#3187);
#1046=VERTEX_POINT('',#3189);
#1047=VERTEX_POINT('',#3191);
#1048=VERTEX_POINT('',#3193);
#1049=VERTEX_POINT('',#3195);
#1050=VERTEX_POINT('',#3197);
#1051=VERTEX_POINT('',#3201);
#1052=VERTEX_POINT('',#3202);
#1053=VERTEX_POINT('',#3204);
#1054=VERTEX_POINT('',#3206);
#1055=VERTEX_POINT('',#3208);
#1056=VERTEX_POINT('',#3210);
#1057=VERTEX_POINT('',#3212);
#1058=VERTEX_POINT('',#3216);
#1059=VERTEX_POINT('',#3217);
#1060=VERTEX_POINT('',#3219);
#1061=VERTEX_POINT('',#3221);
#1062=VERTEX_POINT('',#3223);
#1063=VERTEX_POINT('',#3225);
#1064=VERTEX_POINT('',#3227);
#1065=VERTEX_POINT('',#3231);
#1066=VERTEX_POINT('',#3232);
#1067=VERTEX_POINT('',#3234);
#1068=VERTEX_POINT('',#3236);
#1069=VERTEX_POINT('',#3238);
#1070=VERTEX_POINT('',#3240);
#1071=VERTEX_POINT('',#3242);
#1072=VERTEX_POINT('',#3246);
#1073=VERTEX_POINT('',#3247);
#1074=VERTEX_POINT('',#3249);
#1075=VERTEX_POINT('',#3251);
#1076=VERTEX_POINT('',#3255);
#1077=VERTEX_POINT('',#3257);
#1078=VERTEX_POINT('',#3261);
#1079=VERTEX_POINT('',#3263);
#1080=VERTEX_POINT('',#3270);
#1081=VERTEX_POINT('',#3271);
#1082=VERTEX_POINT('',#3273);
#1083=VERTEX_POINT('',#3275);
#1084=VERTEX_POINT('',#3277);
#1085=VERTEX_POINT('',#3279);
#1086=VERTEX_POINT('',#3281);
#1087=VERTEX_POINT('',#3283);
#1088=VERTEX_POINT('',#3303);
#1089=VERTEX_POINT('',#3305);
#1090=VERTEX_POINT('',#3308);
#1091=VERTEX_POINT('',#3310);
#1092=VERTEX_POINT('',#3314);
#1093=VERTEX_POINT('',#3316);
#1094=VERTEX_POINT('',#3319);
#1095=VERTEX_POINT('',#3324);
#1096=VERTEX_POINT('',#3329);
#1097=VERTEX_POINT('',#3331);
#1098=VERTEX_POINT('',#3336);
#1099=VERTEX_POINT('',#3338);
#1100=VERTEX_POINT('',#3342);
#1101=VERTEX_POINT('',#3344);
#1102=VERTEX_POINT('',#3353);
#1103=VERTEX_POINT('',#3355);
#1104=VERTEX_POINT('',#3359);
#1105=VERTEX_POINT('',#3361);
#1106=VERTEX_POINT('',#3370);
#1107=VERTEX_POINT('',#3372);
#1108=VERTEX_POINT('',#3376);
#1109=VERTEX_POINT('',#3380);
#1110=VERTEX_POINT('',#3387);
#1111=VERTEX_POINT('',#3389);
#1112=VERTEX_POINT('',#3393);
#1113=VERTEX_POINT('',#3395);
#1114=VERTEX_POINT('',#3399);
#1115=VERTEX_POINT('',#3403);
#1116=VERTEX_POINT('',#3415);
#1117=VERTEX_POINT('',#3416);
#1118=VERTEX_POINT('',#3418);
#1119=VERTEX_POINT('',#3420);
#1120=VERTEX_POINT('',#3423);
#1121=VERTEX_POINT('',#3424);
#1122=VERTEX_POINT('',#3426);
#1123=VERTEX_POINT('',#3428);
#1124=VERTEX_POINT('',#3430);
#1125=VERTEX_POINT('',#3432);
#1126=VERTEX_POINT('',#3434);
#1127=VERTEX_POINT('',#3436);
#1128=VERTEX_POINT('',#3438);
#1129=VERTEX_POINT('',#3440);
#1130=VERTEX_POINT('',#3442);
#1131=VERTEX_POINT('',#3444);
#1132=VERTEX_POINT('',#3448);
#1133=VERTEX_POINT('',#3449);
#1134=VERTEX_POINT('',#3451);
#1135=VERTEX_POINT('',#3453);
#1136=VERTEX_POINT('',#3457);
#1137=VERTEX_POINT('',#3458);
#1138=VERTEX_POINT('',#3460);
#1139=VERTEX_POINT('',#3462);
#1140=VERTEX_POINT('',#3466);
#1141=VERTEX_POINT('',#3467);
#1142=VERTEX_POINT('',#3469);
#1143=VERTEX_POINT('',#3471);
#1144=VERTEX_POINT('',#3475);
#1145=VERTEX_POINT('',#3477);
#1146=VERTEX_POINT('',#3478);
#1147=VERTEX_POINT('',#3480);
#1148=VERTEX_POINT('',#3482);
#1149=VERTEX_POINT('',#3486);
#1150=VERTEX_POINT('',#3493);
#1151=VERTEX_POINT('',#3494);
#1152=VERTEX_POINT('',#3499);
#1153=VERTEX_POINT('',#3503);
#1154=VERTEX_POINT('',#3514);
#1155=VERTEX_POINT('',#3516);
#1156=VERTEX_POINT('',#3520);
#1157=VERTEX_POINT('',#3524);
#1158=VERTEX_POINT('',#3528);
#1159=VERTEX_POINT('',#3532);
#1160=VERTEX_POINT('',#3536);
#1161=VERTEX_POINT('',#3540);
#1162=VERTEX_POINT('',#3544);
#1163=VERTEX_POINT('',#3548);
#1164=VERTEX_POINT('',#3552);
#1165=VERTEX_POINT('',#3556);
#1166=VERTEX_POINT('',#3563);
#1167=VERTEX_POINT('',#3567);
#1168=VERTEX_POINT('',#3570);
#1169=VERTEX_POINT('',#3579);
#1170=VERTEX_POINT('',#3580);
#1171=VERTEX_POINT('',#3582);
#1172=VERTEX_POINT('',#3584);
#1173=VERTEX_POINT('',#3586);
#1174=VERTEX_POINT('',#3588);
#1175=VERTEX_POINT('',#3590);
#1176=VERTEX_POINT('',#3592);
#1177=VERTEX_POINT('',#3595);
#1178=VERTEX_POINT('',#3596);
#1179=VERTEX_POINT('',#3598);
#1180=VERTEX_POINT('',#3600);
#1181=VERTEX_POINT('',#3602);
#1182=VERTEX_POINT('',#3604);
#1183=VERTEX_POINT('',#3606);
#1184=VERTEX_POINT('',#3608);
#1185=VERTEX_POINT('',#3610);
#1186=VERTEX_POINT('',#3612);
#1187=VERTEX_POINT('',#3614);
#1188=VERTEX_POINT('',#3616);
#1189=VERTEX_POINT('',#3618);
#1190=VERTEX_POINT('',#3620);
#1191=VERTEX_POINT('',#3622);
#1192=VERTEX_POINT('',#3624);
#1193=VERTEX_POINT('',#3626);
#1194=VERTEX_POINT('',#3628);
#1195=VERTEX_POINT('',#3630);
#1196=VERTEX_POINT('',#3632);
#1197=VERTEX_POINT('',#3634);
#1198=VERTEX_POINT('',#3636);
#1199=VERTEX_POINT('',#3638);
#1200=VERTEX_POINT('',#3640);
#1201=VERTEX_POINT('',#3644);
#1202=VERTEX_POINT('',#3646);
#1203=VERTEX_POINT('',#3649);
#1204=VERTEX_POINT('',#3651);
#1205=VERTEX_POINT('',#3655);
#1206=VERTEX_POINT('',#3657);
#1207=VERTEX_POINT('',#3660);
#1208=VERTEX_POINT('',#3662);
#1209=VERTEX_POINT('',#3666);
#1210=VERTEX_POINT('',#3668);
#1211=VERTEX_POINT('',#3671);
#1212=VERTEX_POINT('',#3673);
#1213=VERTEX_POINT('',#3677);
#1214=VERTEX_POINT('',#3679);
#1215=VERTEX_POINT('',#3682);
#1216=VERTEX_POINT('',#3684);
#1217=VERTEX_POINT('',#3688);
#1218=VERTEX_POINT('',#3690);
#1219=VERTEX_POINT('',#3698);
#1220=VERTEX_POINT('',#3700);
#1221=VERTEX_POINT('',#3703);
#1222=VERTEX_POINT('',#3705);
#1223=VERTEX_POINT('',#3709);
#1224=VERTEX_POINT('',#3711);
#1225=VERTEX_POINT('',#3713);
#1226=VERTEX_POINT('',#3715);
#1227=VERTEX_POINT('',#3717);
#1228=VERTEX_POINT('',#3719);
#1229=VERTEX_POINT('',#3726);
#1230=VERTEX_POINT('',#3730);
#1231=VERTEX_POINT('',#3734);
#1232=VERTEX_POINT('',#3738);
#1233=VERTEX_POINT('',#3742);
#1234=VERTEX_POINT('',#3746);
#1235=VERTEX_POINT('',#3754);
#1236=VERTEX_POINT('',#3756);
#1237=VERTEX_POINT('',#3764);
#1238=VERTEX_POINT('',#3765);
#1239=VERTEX_POINT('',#3767);
#1240=VERTEX_POINT('',#3769);
#1241=VERTEX_POINT('',#3773);
#1242=VERTEX_POINT('',#3775);
#1243=VERTEX_POINT('',#3779);
#1244=VERTEX_POINT('',#3780);
#1245=VERTEX_POINT('',#3783);
#1246=VERTEX_POINT('',#3787);
#1247=VERTEX_POINT('',#3791);
#1248=VERTEX_POINT('',#3793);
#1249=VERTEX_POINT('',#3802);
#1250=VERTEX_POINT('',#3804);
#1251=VERTEX_POINT('',#3813);
#1252=VERTEX_POINT('',#3815);
#1253=VERTEX_POINT('',#3824);
#1254=VERTEX_POINT('',#3826);
#1255=VERTEX_POINT('',#3835);
#1256=VERTEX_POINT('',#3837);
#1257=LINE('',#3185,#1528);
#1258=LINE('',#3190,#1529);
#1259=LINE('',#3192,#1530);
#1260=LINE('',#3194,#1531);
#1261=LINE('',#3196,#1532);
#1262=LINE('',#3198,#1533);
#1263=LINE('',#3200,#1534);
#1264=LINE('',#3205,#1535);
#1265=LINE('',#3207,#1536);
#1266=LINE('',#3209,#1537);
#1267=LINE('',#3211,#1538);
#1268=LINE('',#3213,#1539);
#1269=LINE('',#3215,#1540);
#1270=LINE('',#3220,#1541);
#1271=LINE('',#3222,#1542);
#1272=LINE('',#3224,#1543);
#1273=LINE('',#3226,#1544);
#1274=LINE('',#3228,#1545);
#1275=LINE('',#3230,#1546);
#1276=LINE('',#3235,#1547);
#1277=LINE('',#3237,#1548);
#1278=LINE('',#3239,#1549);
#1279=LINE('',#3241,#1550);
#1280=LINE('',#3243,#1551);
#1281=LINE('',#3245,#1552);
#1282=LINE('',#3248,#1553);
#1283=LINE('',#3250,#1554);
#1284=LINE('',#3252,#1555);
#1285=LINE('',#3254,#1556);
#1286=LINE('',#3256,#1557);
#1287=LINE('',#3258,#1558);
#1288=LINE('',#3260,#1559);
#1289=LINE('',#3262,#1560);
#1290=LINE('',#3264,#1561);
#1291=LINE('',#3266,#1562);
#1292=LINE('',#3267,#1563);
#1293=LINE('',#3269,#1564);
#1294=LINE('',#3274,#1565);
#1295=LINE('',#3278,#1566);
#1296=LINE('',#3282,#1567);
#1297=LINE('',#3286,#1568);
#1298=LINE('',#3287,#1569);
#1299=LINE('',#3288,#1570);
#1300=LINE('',#3290,#1571);
#1301=LINE('',#3291,#1572);
#1302=LINE('',#3292,#1573);
#1303=LINE('',#3294,#1574);
#1304=LINE('',#3295,#1575);
#1305=LINE('',#3296,#1576);
#1306=LINE('',#3298,#1577);
#1307=LINE('',#3299,#1578);
#1308=LINE('',#3300,#1579);
#1309=LINE('',#3302,#1580);
#1310=LINE('',#3304,#1581);
#1311=LINE('',#3306,#1582);
#1312=LINE('',#3307,#1583);
#1313=LINE('',#3309,#1584);
#1314=LINE('',#3311,#1585);
#1315=LINE('',#3313,#1586);
#1316=LINE('',#3315,#1587);
#1317=LINE('',#3317,#1588);
#1318=LINE('',#3318,#1589);
#1319=LINE('',#3320,#1590);
#1320=LINE('',#3322,#1591);
#1321=LINE('',#3323,#1592);
#1322=LINE('',#3325,#1593);
#1323=LINE('',#3327,#1594);
#1324=LINE('',#3328,#1595);
#1325=LINE('',#3330,#1596);
#1326=LINE('',#3332,#1597);
#1327=LINE('',#3335,#1598);
#1328=LINE('',#3337,#1599);
#1329=LINE('',#3339,#1600);
#1330=LINE('',#3341,#1601);
#1331=LINE('',#3343,#1602);
#1332=LINE('',#3345,#1603);
#1333=LINE('',#3347,#1604);
#1334=LINE('',#3348,#1605);
#1335=LINE('',#3352,#1606);
#1336=LINE('',#3354,#1607);
#1337=LINE('',#3356,#1608);
#1338=LINE('',#3358,#1609);
#1339=LINE('',#3360,#1610);
#1340=LINE('',#3362,#1611);
#1341=LINE('',#3364,#1612);
#1342=LINE('',#3365,#1613);
#1343=LINE('',#3369,#1614);
#1344=LINE('',#3371,#1615);
#1345=LINE('',#3373,#1616);
#1346=LINE('',#3375,#1617);
#1347=LINE('',#3377,#1618);
#1348=LINE('',#3379,#1619);
#1349=LINE('',#3381,#1620);
#1350=LINE('',#3383,#1621);
#1351=LINE('',#3386,#1622);
#1352=LINE('',#3388,#1623);
#1353=LINE('',#3390,#1624);
#1354=LINE('',#3392,#1625);
#1355=LINE('',#3394,#1626);
#1356=LINE('',#3396,#1627);
#1357=LINE('',#3398,#1628);
#1358=LINE('',#3400,#1629);
#1359=LINE('',#3402,#1630);
#1360=LINE('',#3404,#1631);
#1361=LINE('',#3406,#1632);
#1362=LINE('',#3414,#1633);
#1363=LINE('',#3417,#1634);
#1364=LINE('',#3419,#1635);
#1365=LINE('',#3421,#1636);
#1366=LINE('',#3422,#1637);
#1367=LINE('',#3425,#1638);
#1368=LINE('',#3427,#1639);
#1369=LINE('',#3429,#1640);
#1370=LINE('',#3431,#1641);
#1371=LINE('',#3433,#1642);
#1372=LINE('',#3435,#1643);
#1373=LINE('',#3437,#1644);
#1374=LINE('',#3439,#1645);
#1375=LINE('',#3441,#1646);
#1376=LINE('',#3443,#1647);
#1377=LINE('',#3445,#1648);
#1378=LINE('',#3447,#1649);
#1379=LINE('',#3450,#1650);
#1380=LINE('',#3452,#1651);
#1381=LINE('',#3454,#1652);
#1382=LINE('',#3456,#1653);
#1383=LINE('',#3459,#1654);
#1384=LINE('',#3461,#1655);
#1385=LINE('',#3463,#1656);
#1386=LINE('',#3465,#1657);
#1387=LINE('',#3468,#1658);
#1388=LINE('',#3470,#1659);
#1389=LINE('',#3472,#1660);
#1390=LINE('',#3476,#1661);
#1391=LINE('',#3479,#1662);
#1392=LINE('',#3481,#1663);
#1393=LINE('',#3483,#1664);
#1394=LINE('',#3492,#1665);
#1395=LINE('',#3495,#1666);
#1396=LINE('',#3496,#1667);
#1397=LINE('',#3498,#1668);
#1398=LINE('',#3500,#1669);
#1399=LINE('',#3502,#1670);
#1400=LINE('',#3504,#1671);
#1401=LINE('',#3506,#1672);
#1402=LINE('',#3513,#1673);
#1403=LINE('',#3515,#1674);
#1404=LINE('',#3517,#1675);
#1405=LINE('',#3519,#1676);
#1406=LINE('',#3521,#1677);
#1407=LINE('',#3523,#1678);
#1408=LINE('',#3525,#1679);
#1409=LINE('',#3527,#1680);
#1410=LINE('',#3529,#1681);
#1411=LINE('',#3531,#1682);
#1412=LINE('',#3533,#1683);
#1413=LINE('',#3535,#1684);
#1414=LINE('',#3537,#1685);
#1415=LINE('',#3539,#1686);
#1416=LINE('',#3541,#1687);
#1417=LINE('',#3543,#1688);
#1418=LINE('',#3545,#1689);
#1419=LINE('',#3547,#1690);
#1420=LINE('',#3549,#1691);
#1421=LINE('',#3551,#1692);
#1422=LINE('',#3553,#1693);
#1423=LINE('',#3555,#1694);
#1424=LINE('',#3557,#1695);
#1425=LINE('',#3559,#1696);
#1426=LINE('',#3578,#1697);
#1427=LINE('',#3581,#1698);
#1428=LINE('',#3583,#1699);
#1429=LINE('',#3585,#1700);
#1430=LINE('',#3587,#1701);
#1431=LINE('',#3589,#1702);
#1432=LINE('',#3591,#1703);
#1433=LINE('',#3593,#1704);
#1434=LINE('',#3594,#1705);
#1435=LINE('',#3597,#1706);
#1436=LINE('',#3599,#1707);
#1437=LINE('',#3603,#1708);
#1438=LINE('',#3605,#1709);
#1439=LINE('',#3607,#1710);
#1440=LINE('',#3609,#1711);
#1441=LINE('',#3611,#1712);
#1442=LINE('',#3615,#1713);
#1443=LINE('',#3617,#1714);
#1444=LINE('',#3619,#1715);
#1445=LINE('',#3621,#1716);
#1446=LINE('',#3623,#1717);
#1447=LINE('',#3627,#1718);
#1448=LINE('',#3629,#1719);
#1449=LINE('',#3631,#1720);
#1450=LINE('',#3633,#1721);
#1451=LINE('',#3635,#1722);
#1452=LINE('',#3639,#1723);
#1453=LINE('',#3641,#1724);
#1454=LINE('',#3643,#1725);
#1455=LINE('',#3645,#1726);
#1456=LINE('',#3647,#1727);
#1457=LINE('',#3648,#1728);
#1458=LINE('',#3650,#1729);
#1459=LINE('',#3652,#1730);
#1460=LINE('',#3654,#1731);
#1461=LINE('',#3656,#1732);
#1462=LINE('',#3658,#1733);
#1463=LINE('',#3659,#1734);
#1464=LINE('',#3661,#1735);
#1465=LINE('',#3663,#1736);
#1466=LINE('',#3665,#1737);
#1467=LINE('',#3667,#1738);
#1468=LINE('',#3669,#1739);
#1469=LINE('',#3670,#1740);
#1470=LINE('',#3672,#1741);
#1471=LINE('',#3674,#1742);
#1472=LINE('',#3676,#1743);
#1473=LINE('',#3678,#1744);
#1474=LINE('',#3680,#1745);
#1475=LINE('',#3681,#1746);
#1476=LINE('',#3683,#1747);
#1477=LINE('',#3685,#1748);
#1478=LINE('',#3687,#1749);
#1479=LINE('',#3689,#1750);
#1480=LINE('',#3691,#1751);
#1481=LINE('',#3693,#1752);
#1482=LINE('',#3695,#1753);
#1483=LINE('',#3697,#1754);
#1484=LINE('',#3699,#1755);
#1485=LINE('',#3701,#1756);
#1486=LINE('',#3702,#1757);
#1487=LINE('',#3704,#1758);
#1488=LINE('',#3706,#1759);
#1489=LINE('',#3753,#1760);
#1490=LINE('',#3755,#1761);
#1491=LINE('',#3757,#1762);
#1492=LINE('',#3759,#1763);
#1493=LINE('',#3761,#1764);
#1494=LINE('',#3763,#1765);
#1495=LINE('',#3766,#1766);
#1496=LINE('',#3768,#1767);
#1497=LINE('',#3770,#1768);
#1498=LINE('',#3772,#1769);
#1499=LINE('',#3774,#1770);
#1500=LINE('',#3776,#1771);
#1501=LINE('',#3778,#1772);
#1502=LINE('',#3782,#1773);
#1503=LINE('',#3786,#1774);
#1504=LINE('',#3788,#1775);
#1505=LINE('',#3792,#1776);
#1506=LINE('',#3796,#1777);
#1507=LINE('',#3797,#1778);
#1508=LINE('',#3801,#1779);
#1509=LINE('',#3803,#1780);
#1510=LINE('',#3805,#1781);
#1511=LINE('',#3807,#1782);
#1512=LINE('',#3809,#1783);
#1513=LINE('',#3812,#1784);
#1514=LINE('',#3814,#1785);
#1515=LINE('',#3816,#1786);
#1516=LINE('',#3818,#1787);
#1517=LINE('',#3820,#1788);
#1518=LINE('',#3823,#1789);
#1519=LINE('',#3825,#1790);
#1520=LINE('',#3827,#1791);
#1521=LINE('',#3829,#1792);
#1522=LINE('',#3831,#1793);
#1523=LINE('',#3834,#1794);
#1524=LINE('',#3836,#1795);
#1525=LINE('',#3838,#1796);
#1526=LINE('',#3840,#1797);
#1527=LINE('',#3842,#1798);
#1528=VECTOR('',#2560,1.);
#1529=VECTOR('',#2563,1.);
#1530=VECTOR('',#2564,1.);
#1531=VECTOR('',#2565,1.);
#1532=VECTOR('',#2566,1.);
#1533=VECTOR('',#2567,1.);
#1534=VECTOR('',#2570,1.);
#1535=VECTOR('',#2573,1.);
#1536=VECTOR('',#2574,1.);
#1537=VECTOR('',#2575,1.);
#1538=VECTOR('',#2576,1.);
#1539=VECTOR('',#2577,1.);
#1540=VECTOR('',#2580,1.);
#1541=VECTOR('',#2583,1.);
#1542=VECTOR('',#2584,1.);
#1543=VECTOR('',#2585,1.);
#1544=VECTOR('',#2586,1.);
#1545=VECTOR('',#2587,1.);
#1546=VECTOR('',#2590,1.);
#1547=VECTOR('',#2593,1.);
#1548=VECTOR('',#2594,1.);
#1549=VECTOR('',#2595,1.);
#1550=VECTOR('',#2596,1.);
#1551=VECTOR('',#2597,1.);
#1552=VECTOR('',#2600,1.);
#1553=VECTOR('',#2601,1.);
#1554=VECTOR('',#2602,1.);
#1555=VECTOR('',#2603,1.);
#1556=VECTOR('',#2606,1.);
#1557=VECTOR('',#2607,1.);
#1558=VECTOR('',#2608,1.);
#1559=VECTOR('',#2611,1.);
#1560=VECTOR('',#2612,1.);
#1561=VECTOR('',#2613,1.);
#1562=VECTOR('',#2616,1.);
#1563=VECTOR('',#2617,1.);
#1564=VECTOR('',#2620,1.);
#1565=VECTOR('',#2623,1.);
#1566=VECTOR('',#2626,1.);
#1567=VECTOR('',#2629,1.);
#1568=VECTOR('',#2634,1.);
#1569=VECTOR('',#2635,1.);
#1570=VECTOR('',#2636,1.);
#1571=VECTOR('',#2639,1.);
#1572=VECTOR('',#2640,1.);
#1573=VECTOR('',#2641,1.);
#1574=VECTOR('',#2644,1.);
#1575=VECTOR('',#2645,1.);
#1576=VECTOR('',#2646,1.);
#1577=VECTOR('',#2649,1.);
#1578=VECTOR('',#2650,1.);
#1579=VECTOR('',#2651,1.);
#1580=VECTOR('',#2654,1.);
#1581=VECTOR('',#2655,1.);
#1582=VECTOR('',#2656,1.);
#1583=VECTOR('',#2657,1.);
#1584=VECTOR('',#2658,1.);
#1585=VECTOR('',#2659,1.);
#1586=VECTOR('',#2662,1.);
#1587=VECTOR('',#2663,1.);
#1588=VECTOR('',#2664,1.);
#1589=VECTOR('',#2665,1.);
#1590=VECTOR('',#2666,1.);
#1591=VECTOR('',#2669,1.);
#1592=VECTOR('',#2670,1.);
#1593=VECTOR('',#2671,1.);
#1594=VECTOR('',#2674,1.);
#1595=VECTOR('',#2675,1.);
#1596=VECTOR('',#2676,1.);
#1597=VECTOR('',#2677,1.);
#1598=VECTOR('',#2682,1.);
#1599=VECTOR('',#2683,1.);
#1600=VECTOR('',#2684,1.);
#1601=VECTOR('',#2687,1.);
#1602=VECTOR('',#2688,1.);
#1603=VECTOR('',#2689,1.);
#1604=VECTOR('',#2692,1.);
#1605=VECTOR('',#2693,1.);
#1606=VECTOR('',#2700,1.);
#1607=VECTOR('',#2701,1.);
#1608=VECTOR('',#2702,1.);
#1609=VECTOR('',#2705,1.);
#1610=VECTOR('',#2706,1.);
#1611=VECTOR('',#2707,1.);
#1612=VECTOR('',#2710,1.);
#1613=VECTOR('',#2711,1.);
#1614=VECTOR('',#2718,1.);
#1615=VECTOR('',#2719,1.);
#1616=VECTOR('',#2720,1.);
#1617=VECTOR('',#2723,1.);
#1618=VECTOR('',#2724,1.);
#1619=VECTOR('',#2727,1.);
#1620=VECTOR('',#2728,1.);
#1621=VECTOR('',#2731,1.);
#1622=VECTOR('',#2736,1.);
#1623=VECTOR('',#2737,1.);
#1624=VECTOR('',#2738,1.);
#1625=VECTOR('',#2741,1.);
#1626=VECTOR('',#2742,1.);
#1627=VECTOR('',#2743,1.);
#1628=VECTOR('',#2746,1.);
#1629=VECTOR('',#2747,1.);
#1630=VECTOR('',#2750,1.);
#1631=VECTOR('',#2751,1.);
#1632=VECTOR('',#2754,1.);
#1633=VECTOR('',#2769,1.);
#1634=VECTOR('',#2770,1.);
#1635=VECTOR('',#2771,1.);
#1636=VECTOR('',#2772,1.);
#1637=VECTOR('',#2773,1.);
#1638=VECTOR('',#2774,1.);
#1639=VECTOR('',#2775,1.);
#1640=VECTOR('',#2776,1.);
#1641=VECTOR('',#2777,1.);
#1642=VECTOR('',#2778,1.);
#1643=VECTOR('',#2779,1.);
#1644=VECTOR('',#2780,1.);
#1645=VECTOR('',#2781,1.);
#1646=VECTOR('',#2782,1.);
#1647=VECTOR('',#2783,1.);
#1648=VECTOR('',#2784,1.);
#1649=VECTOR('',#2787,1.);
#1650=VECTOR('',#2788,1.);
#1651=VECTOR('',#2789,1.);
#1652=VECTOR('',#2790,1.);
#1653=VECTOR('',#2793,1.);
#1654=VECTOR('',#2794,1.);
#1655=VECTOR('',#2795,1.);
#1656=VECTOR('',#2796,1.);
#1657=VECTOR('',#2799,1.);
#1658=VECTOR('',#2800,1.);
#1659=VECTOR('',#2801,1.);
#1660=VECTOR('',#2802,1.);
#1661=VECTOR('',#2807,1.);
#1662=VECTOR('',#2808,1.);
#1663=VECTOR('',#2809,1.);
#1664=VECTOR('',#2810,1.);
#1665=VECTOR('',#2825,1.);
#1666=VECTOR('',#2826,1.);
#1667=VECTOR('',#2827,1.);
#1668=VECTOR('',#2830,1.);
#1669=VECTOR('',#2831,1.);
#1670=VECTOR('',#2834,1.);
#1671=VECTOR('',#2835,1.);
#1672=VECTOR('',#2838,1.);
#1673=VECTOR('',#2851,1.);
#1674=VECTOR('',#2852,1.);
#1675=VECTOR('',#2853,1.);
#1676=VECTOR('',#2856,1.);
#1677=VECTOR('',#2857,1.);
#1678=VECTOR('',#2860,1.);
#1679=VECTOR('',#2861,1.);
#1680=VECTOR('',#2864,1.);
#1681=VECTOR('',#2865,1.);
#1682=VECTOR('',#2868,1.);
#1683=VECTOR('',#2869,1.);
#1684=VECTOR('',#2872,1.);
#1685=VECTOR('',#2873,1.);
#1686=VECTOR('',#2876,1.);
#1687=VECTOR('',#2877,1.);
#1688=VECTOR('',#2880,1.);
#1689=VECTOR('',#2881,1.);
#1690=VECTOR('',#2884,1.);
#1691=VECTOR('',#2885,1.);
#1692=VECTOR('',#2888,1.);
#1693=VECTOR('',#2889,1.);
#1694=VECTOR('',#2892,1.);
#1695=VECTOR('',#2893,1.);
#1696=VECTOR('',#2896,1.);
#1697=VECTOR('',#2927,1.);
#1698=VECTOR('',#2928,1.);
#1699=VECTOR('',#2929,1.);
#1700=VECTOR('',#2930,1.);
#1701=VECTOR('',#2931,1.);
#1702=VECTOR('',#2932,1.);
#1703=VECTOR('',#2933,1.);
#1704=VECTOR('',#2934,1.);
#1705=VECTOR('',#2935,1.);
#1706=VECTOR('',#2936,1.);
#1707=VECTOR('',#2937,1.);
#1708=VECTOR('',#2940,1.);
#1709=VECTOR('',#2941,1.);
#1710=VECTOR('',#2942,1.);
#1711=VECTOR('',#2943,1.);
#1712=VECTOR('',#2944,1.);
#1713=VECTOR('',#2947,1.);
#1714=VECTOR('',#2948,1.);
#1715=VECTOR('',#2949,1.);
#1716=VECTOR('',#2950,1.);
#1717=VECTOR('',#2951,1.);
#1718=VECTOR('',#2954,1.);
#1719=VECTOR('',#2955,1.);
#1720=VECTOR('',#2956,1.);
#1721=VECTOR('',#2957,1.);
#1722=VECTOR('',#2958,1.);
#1723=VECTOR('',#2961,1.);
#1724=VECTOR('',#2962,1.);
#1725=VECTOR('',#2965,1.);
#1726=VECTOR('',#2966,1.);
#1727=VECTOR('',#2967,1.);
#1728=VECTOR('',#2968,1.);
#1729=VECTOR('',#2969,1.);
#1730=VECTOR('',#2970,1.);
#1731=VECTOR('',#2973,1.);
#1732=VECTOR('',#2974,1.);
#1733=VECTOR('',#2975,1.);
#1734=VECTOR('',#2976,1.);
#1735=VECTOR('',#2977,1.);
#1736=VECTOR('',#2978,1.);
#1737=VECTOR('',#2981,1.);
#1738=VECTOR('',#2982,1.);
#1739=VECTOR('',#2983,1.);
#1740=VECTOR('',#2984,1.);
#1741=VECTOR('',#2985,1.);
#1742=VECTOR('',#2986,1.);
#1743=VECTOR('',#2989,1.);
#1744=VECTOR('',#2990,1.);
#1745=VECTOR('',#2991,1.);
#1746=VECTOR('',#2992,1.);
#1747=VECTOR('',#2993,1.);
#1748=VECTOR('',#2994,1.);
#1749=VECTOR('',#2997,1.);
#1750=VECTOR('',#2998,1.);
#1751=VECTOR('',#2999,1.);
#1752=VECTOR('',#3002,1.);
#1753=VECTOR('',#3005,1.);
#1754=VECTOR('',#3008,1.);
#1755=VECTOR('',#3009,1.);
#1756=VECTOR('',#3010,1.);
#1757=VECTOR('',#3011,1.);
#1758=VECTOR('',#3012,1.);
#1759=VECTOR('',#3013,1.);
#1760=VECTOR('',#3082,1.);
#1761=VECTOR('',#3083,1.);
#1762=VECTOR('',#3084,1.);
#1763=VECTOR('',#3087,1.);
#1764=VECTOR('',#3090,1.);
#1765=VECTOR('',#3093,1.);
#1766=VECTOR('',#3094,1.);
#1767=VECTOR('',#3095,1.);
#1768=VECTOR('',#3096,1.);
#1769=VECTOR('',#3099,1.);
#1770=VECTOR('',#3100,1.);
#1771=VECTOR('',#3101,1.);
#1772=VECTOR('',#3104,1.);
#1773=VECTOR('',#3107,1.);
#1774=VECTOR('',#3112,1.);
#1775=VECTOR('',#3113,1.);
#1776=VECTOR('',#3118,1.);
#1777=VECTOR('',#3123,1.);
#1778=VECTOR('',#3124,1.);
#1779=VECTOR('',#3131,1.);
#1780=VECTOR('',#3132,1.);
#1781=VECTOR('',#3133,1.);
#1782=VECTOR('',#3136,1.);
#1783=VECTOR('',#3139,1.);
#1784=VECTOR('',#3144,1.);
#1785=VECTOR('',#3145,1.);
#1786=VECTOR('',#3146,1.);
#1787=VECTOR('',#3149,1.);
#1788=VECTOR('',#3152,1.);
#1789=VECTOR('',#3157,1.);
#1790=VECTOR('',#3158,1.);
#1791=VECTOR('',#3159,1.);
#1792=VECTOR('',#3162,1.);
#1793=VECTOR('',#3165,1.);
#1794=VECTOR('',#3170,1.);
#1795=VECTOR('',#3171,1.);
#1796=VECTOR('',#3172,1.);
#1797=VECTOR('',#3175,1.);
#1798=VECTOR('',#3178,1.);
#1799=EDGE_LOOP('',(#96,#97,#98,#99,#100,#101,#102));
#1800=EDGE_LOOP('',(#103,#104,#105,#106,#107,#108,#109));
#1801=EDGE_LOOP('',(#110,#111,#112,#113,#114,#115,#116));
#1802=EDGE_LOOP('',(#117,#118,#119,#120,#121,#122,#123));
#1803=EDGE_LOOP('',(#124,#125,#126,#127));
#1804=EDGE_LOOP('',(#128,#129,#130,#131));
#1805=EDGE_LOOP('',(#132,#133,#134,#135));
#1806=EDGE_LOOP('',(#136,#137,#138,#139));
#1807=EDGE_LOOP('',(#140,#141,#142,#143,#144,#145,#146,#147));
#1808=EDGE_LOOP('',(#148,#149,#150,#151));
#1809=EDGE_LOOP('',(#152,#153,#154,#155,#156,#157));
#1810=EDGE_LOOP('',(#158,#159,#160,#161,#162,#163));
#1811=EDGE_LOOP('',(#164,#165,#166,#167,#168,#169));
#1812=EDGE_LOOP('',(#170,#171,#172,#173,#174,#175));
#1813=EDGE_LOOP('',(#176,#177,#178,#179,#180,#181,#182,#183));
#1814=EDGE_LOOP('',(#184,#185,#186,#187,#188,#189,#190,#191));
#1815=EDGE_LOOP('',(#192,#193,#194,#195,#196,#197));
#1816=EDGE_LOOP('',(#198,#199,#200,#201,#202,#203,#204,#205));
#1817=EDGE_LOOP('',(#206,#207,#208,#209));
#1818=EDGE_LOOP('',(#210,#211,#212,#213));
#1819=EDGE_LOOP('',(#214,#215,#216,#217,#218));
#1820=EDGE_LOOP('',(#219,#220,#221,#222,#223));
#1821=EDGE_LOOP('',(#224,#225,#226,#227));
#1822=EDGE_LOOP('',(#228,#229,#230,#231));
#1823=EDGE_LOOP('',(#232,#233,#234,#235));
#1824=EDGE_LOOP('',(#236,#237,#238,#239,#240));
#1825=EDGE_LOOP('',(#241,#242,#243,#244,#245));
#1826=EDGE_LOOP('',(#246,#247,#248,#249));
#1827=EDGE_LOOP('',(#250,#251,#252,#253));
#1828=EDGE_LOOP('',(#254,#255,#256,#257));
#1829=EDGE_LOOP('',(#258,#259,#260,#261));
#1830=EDGE_LOOP('',(#262,#263,#264,#265,#266));
#1831=EDGE_LOOP('',(#267,#268,#269,#270));
#1832=EDGE_LOOP('',(#271,#272,#273,#274,#275));
#1833=EDGE_LOOP('',(#276,#277,#278,#279));
#1834=EDGE_LOOP('',(#280,#281,#282,#283));
#1835=EDGE_LOOP('',(#284,#285,#286,#287,#288));
#1836=EDGE_LOOP('',(#289,#290,#291,#292));
#1837=EDGE_LOOP('',(#293,#294,#295,#296,#297));
#1838=EDGE_LOOP('',(#298,#299,#300,#301));
#1839=EDGE_LOOP('',(#302,#303,#304,#305));
#1840=EDGE_LOOP('',(#306,#307,#308,#309));
#1841=EDGE_LOOP('',(#310,#311,#312,#313));
#1842=EDGE_LOOP('',(#314,#315,#316,#317));
#1843=EDGE_LOOP('',(#318,#319,#320,#321));
#1844=EDGE_LOOP('',(#322,#323,#324,#325));
#1845=EDGE_LOOP('',(#326,#327,#328,#329,#330,#331,#332,#333,#334,#335,#336,
#337));
#1846=EDGE_LOOP('',(#338,#339,#340,#341));
#1847=EDGE_LOOP('',(#342,#343,#344,#345));
#1848=EDGE_LOOP('',(#346,#347,#348,#349));
#1849=EDGE_LOOP('',(#350));
#1850=EDGE_LOOP('',(#351,#352,#353,#354));
#1851=EDGE_LOOP('',(#355));
#1852=EDGE_LOOP('',(#356,#357,#358,#359,#360,#361,#362,#363));
#1853=EDGE_LOOP('',(#364,#365,#366,#367));
#1854=EDGE_LOOP('',(#368,#369,#370,#371));
#1855=EDGE_LOOP('',(#372,#373,#374,#375));
#1856=EDGE_LOOP('',(#376,#377,#378,#379));
#1857=EDGE_LOOP('',(#380,#381,#382,#383,#384,#385,#386,#387));
#1858=EDGE_LOOP('',(#388,#389,#390,#391));
#1859=EDGE_LOOP('',(#392,#393,#394,#395));
#1860=EDGE_LOOP('',(#396,#397,#398,#399));
#1861=EDGE_LOOP('',(#400,#401,#402,#403));
#1862=EDGE_LOOP('',(#404,#405,#406,#407));
#1863=EDGE_LOOP('',(#408,#409,#410,#411));
#1864=EDGE_LOOP('',(#412,#413,#414,#415));
#1865=EDGE_LOOP('',(#416,#417,#418,#419));
#1866=EDGE_LOOP('',(#420,#421,#422,#423));
#1867=EDGE_LOOP('',(#424,#425,#426,#427));
#1868=EDGE_LOOP('',(#428,#429,#430,#431));
#1869=EDGE_LOOP('',(#432,#433,#434,#435));
#1870=EDGE_LOOP('',(#436,#437,#438,#439));
#1871=EDGE_LOOP('',(#440,#441,#442,#443,#444,#445,#446,#447,#448,#449,#450,
#451));
#1872=EDGE_LOOP('',(#452));
#1873=EDGE_LOOP('',(#453));
#1874=EDGE_LOOP('',(#454));
#1875=EDGE_LOOP('',(#455));
#1876=EDGE_LOOP('',(#456));
#1877=EDGE_LOOP('',(#457));
#1878=EDGE_LOOP('',(#458,#459,#460,#461));
#1879=EDGE_LOOP('',(#462,#463,#464,#465));
#1880=EDGE_LOOP('',(#466,#467,#468,#469));
#1881=EDGE_LOOP('',(#470,#471,#472,#473));
#1882=EDGE_LOOP('',(#474));
#1883=EDGE_LOOP('',(#475));
#1884=EDGE_LOOP('',(#476,#477,#478,#479,#480,#481,#482,#483));
#1885=EDGE_LOOP('',(#484,#485,#486,#487,#488,#489,#490,#491,#492,#493,#494,
#495,#496,#497,#498,#499,#500,#501,#502,#503,#504,#505,#506,#507));
#1886=EDGE_LOOP('',(#508,#509,#510,#511,#512,#513,#514,#515));
#1887=EDGE_LOOP('',(#516,#517,#518,#519,#520,#521,#522,#523));
#1888=EDGE_LOOP('',(#524,#525,#526,#527,#528,#529,#530,#531));
#1889=EDGE_LOOP('',(#532,#533,#534,#535,#536,#537,#538,#539));
#1890=EDGE_LOOP('',(#540,#541,#542,#543));
#1891=EDGE_LOOP('',(#544,#545,#546,#547));
#1892=EDGE_LOOP('',(#548,#549,#550,#551));
#1893=EDGE_LOOP('',(#552,#553,#554,#555,#556,#557,#558,#559));
#1894=EDGE_LOOP('',(#560));
#1895=EDGE_LOOP('',(#561));
#1896=EDGE_LOOP('',(#562));
#1897=EDGE_LOOP('',(#563));
#1898=EDGE_LOOP('',(#564));
#1899=EDGE_LOOP('',(#565));
#1900=EDGE_LOOP('',(#566,#567,#568,#569,#570,#571,#572,#573));
#1901=EDGE_LOOP('',(#574));
#1902=EDGE_LOOP('',(#575));
#1903=EDGE_LOOP('',(#576,#577,#578,#579));
#1904=EDGE_LOOP('',(#580));
#1905=EDGE_LOOP('',(#581));
#1906=EDGE_LOOP('',(#582));
#1907=EDGE_LOOP('',(#583));
#1908=EDGE_LOOP('',(#584));
#1909=EDGE_LOOP('',(#585));
#1910=EDGE_LOOP('',(#586));
#1911=EDGE_LOOP('',(#587));
#1912=EDGE_LOOP('',(#588));
#1913=EDGE_LOOP('',(#589));
#1914=EDGE_LOOP('',(#590));
#1915=EDGE_LOOP('',(#591));
#1916=EDGE_LOOP('',(#592));
#1917=EDGE_LOOP('',(#593));
#1918=EDGE_LOOP('',(#594));
#1919=EDGE_LOOP('',(#595));
#1920=EDGE_LOOP('',(#596,#597,#598,#599));
#1921=EDGE_LOOP('',(#600,#601,#602,#603));
#1922=EDGE_LOOP('',(#604,#605,#606,#607));
#1923=EDGE_LOOP('',(#608,#609,#610,#611));
#1924=EDGE_LOOP('',(#612,#613,#614,#615));
#1925=EDGE_LOOP('',(#616,#617,#618,#619));
#1926=EDGE_LOOP('',(#620,#621,#622,#623));
#1927=EDGE_LOOP('',(#624,#625,#626,#627));
#1928=EDGE_LOOP('',(#628,#629,#630,#631));
#1929=EDGE_LOOP('',(#632,#633,#634,#635));
#1930=EDGE_LOOP('',(#636,#637,#638,#639,#640,#641));
#1931=EDGE_LOOP('',(#642,#643,#644,#645));
#1932=EDGE_LOOP('',(#646,#647,#648,#649,#650,#651));
#1933=EDGE_LOOP('',(#652,#653,#654,#655));
#1934=EDGE_LOOP('',(#656,#657,#658,#659));
#1935=EDGE_LOOP('',(#660,#661,#662,#663));
#1936=EDGE_LOOP('',(#664,#665,#666,#667));
#1937=EDGE_LOOP('',(#668,#669,#670,#671));
#1938=EDGE_LOOP('',(#672,#673,#674,#675));
#1939=EDGE_LOOP('',(#676,#677,#678,#679));
#1940=EDGE_LOOP('',(#680,#681,#682,#683));
#1941=EDGE_LOOP('',(#684,#685,#686,#687));
#1942=EDGE_LOOP('',(#688,#689,#690,#691));
#1943=EDGE_LOOP('',(#692,#693,#694,#695));
#1944=EDGE_LOOP('',(#696,#697,#698,#699));
#1945=EDGE_LOOP('',(#700,#701,#702,#703));
#1946=EDGE_LOOP('',(#704,#705,#706,#707));
#1947=EDGE_LOOP('',(#708,#709,#710,#711));
#1948=EDGE_LOOP('',(#712,#713,#714,#715));
#1949=EDGE_LOOP('',(#716,#717,#718,#719));
#1950=EDGE_LOOP('',(#720,#721,#722,#723));
#1951=EDGE_LOOP('',(#724,#725,#726,#727));
#1952=FACE_BOUND('',#1799,.T.);
#1953=FACE_BOUND('',#1800,.T.);
#1954=FACE_BOUND('',#1801,.T.);
#1955=FACE_BOUND('',#1802,.T.);
#1956=FACE_BOUND('',#1803,.T.);
#1957=FACE_BOUND('',#1804,.T.);
#1958=FACE_BOUND('',#1805,.T.);
#1959=FACE_BOUND('',#1806,.T.);
#1960=FACE_BOUND('',#1807,.T.);
#1961=FACE_BOUND('',#1808,.T.);
#1962=FACE_BOUND('',#1809,.T.);
#1963=FACE_BOUND('',#1810,.T.);
#1964=FACE_BOUND('',#1811,.T.);
#1965=FACE_BOUND('',#1812,.T.);
#1966=FACE_BOUND('',#1813,.T.);
#1967=FACE_BOUND('',#1814,.T.);
#1968=FACE_BOUND('',#1815,.T.);
#1969=FACE_BOUND('',#1816,.T.);
#1970=FACE_BOUND('',#1817,.T.);
#1971=FACE_BOUND('',#1818,.T.);
#1972=FACE_BOUND('',#1819,.T.);
#1973=FACE_BOUND('',#1820,.T.);
#1974=FACE_BOUND('',#1821,.T.);
#1975=FACE_BOUND('',#1822,.T.);
#1976=FACE_BOUND('',#1823,.T.);
#1977=FACE_BOUND('',#1824,.T.);
#1978=FACE_BOUND('',#1825,.T.);
#1979=FACE_BOUND('',#1826,.T.);
#1980=FACE_BOUND('',#1827,.T.);
#1981=FACE_BOUND('',#1828,.T.);
#1982=FACE_BOUND('',#1829,.T.);
#1983=FACE_BOUND('',#1830,.T.);
#1984=FACE_BOUND('',#1831,.T.);
#1985=FACE_BOUND('',#1832,.T.);
#1986=FACE_BOUND('',#1833,.T.);
#1987=FACE_BOUND('',#1834,.T.);
#1988=FACE_BOUND('',#1835,.T.);
#1989=FACE_BOUND('',#1836,.T.);
#1990=FACE_BOUND('',#1837,.T.);
#1991=FACE_BOUND('',#1838,.T.);
#1992=FACE_BOUND('',#1839,.T.);
#1993=FACE_BOUND('',#1840,.T.);
#1994=FACE_BOUND('',#1841,.T.);
#1995=FACE_BOUND('',#1842,.T.);
#1996=FACE_BOUND('',#1843,.T.);
#1997=FACE_BOUND('',#1844,.T.);
#1998=FACE_BOUND('',#1845,.T.);
#1999=FACE_BOUND('',#1846,.T.);
#2000=FACE_BOUND('',#1847,.T.);
#2001=FACE_BOUND('',#1848,.T.);
#2002=FACE_BOUND('',#1849,.T.);
#2003=FACE_BOUND('',#1850,.T.);
#2004=FACE_BOUND('',#1851,.T.);
#2005=FACE_BOUND('',#1852,.T.);
#2006=FACE_BOUND('',#1853,.T.);
#2007=FACE_BOUND('',#1854,.T.);
#2008=FACE_BOUND('',#1855,.T.);
#2009=FACE_BOUND('',#1856,.T.);
#2010=FACE_BOUND('',#1857,.T.);
#2011=FACE_BOUND('',#1858,.T.);
#2012=FACE_BOUND('',#1859,.T.);
#2013=FACE_BOUND('',#1860,.T.);
#2014=FACE_BOUND('',#1861,.T.);
#2015=FACE_BOUND('',#1862,.T.);
#2016=FACE_BOUND('',#1863,.T.);
#2017=FACE_BOUND('',#1864,.T.);
#2018=FACE_BOUND('',#1865,.T.);
#2019=FACE_BOUND('',#1866,.T.);
#2020=FACE_BOUND('',#1867,.T.);
#2021=FACE_BOUND('',#1868,.T.);
#2022=FACE_BOUND('',#1869,.T.);
#2023=FACE_BOUND('',#1870,.T.);
#2024=FACE_BOUND('',#1871,.T.);
#2025=FACE_BOUND('',#1872,.T.);
#2026=FACE_BOUND('',#1873,.T.);
#2027=FACE_BOUND('',#1874,.T.);
#2028=FACE_BOUND('',#1875,.T.);
#2029=FACE_BOUND('',#1876,.T.);
#2030=FACE_BOUND('',#1877,.T.);
#2031=FACE_BOUND('',#1878,.T.);
#2032=FACE_BOUND('',#1879,.T.);
#2033=FACE_BOUND('',#1880,.T.);
#2034=FACE_BOUND('',#1881,.T.);
#2035=FACE_BOUND('',#1882,.T.);
#2036=FACE_BOUND('',#1883,.T.);
#2037=FACE_BOUND('',#1884,.T.);
#2038=FACE_BOUND('',#1885,.T.);
#2039=FACE_BOUND('',#1886,.T.);
#2040=FACE_BOUND('',#1887,.T.);
#2041=FACE_BOUND('',#1888,.T.);
#2042=FACE_BOUND('',#1889,.T.);
#2043=FACE_BOUND('',#1890,.T.);
#2044=FACE_BOUND('',#1891,.T.);
#2045=FACE_BOUND('',#1892,.T.);
#2046=FACE_BOUND('',#1893,.T.);
#2047=FACE_BOUND('',#1894,.T.);
#2048=FACE_BOUND('',#1895,.T.);
#2049=FACE_BOUND('',#1896,.T.);
#2050=FACE_BOUND('',#1897,.T.);
#2051=FACE_BOUND('',#1898,.T.);
#2052=FACE_BOUND('',#1899,.T.);
#2053=FACE_BOUND('',#1900,.T.);
#2054=FACE_BOUND('',#1901,.T.);
#2055=FACE_BOUND('',#1902,.T.);
#2056=FACE_BOUND('',#1903,.T.);
#2057=FACE_BOUND('',#1904,.T.);
#2058=FACE_BOUND('',#1905,.T.);
#2059=FACE_BOUND('',#1906,.T.);
#2060=FACE_BOUND('',#1907,.T.);
#2061=FACE_BOUND('',#1908,.T.);
#2062=FACE_BOUND('',#1909,.T.);
#2063=FACE_BOUND('',#1910,.T.);
#2064=FACE_BOUND('',#1911,.T.);
#2065=FACE_BOUND('',#1912,.T.);
#2066=FACE_BOUND('',#1913,.T.);
#2067=FACE_BOUND('',#1914,.T.);
#2068=FACE_BOUND('',#1915,.T.);
#2069=FACE_BOUND('',#1916,.T.);
#2070=FACE_BOUND('',#1917,.T.);
#2071=FACE_BOUND('',#1918,.T.);
#2072=FACE_BOUND('',#1919,.T.);
#2073=FACE_BOUND('',#1920,.T.);
#2074=FACE_BOUND('',#1921,.T.);
#2075=FACE_BOUND('',#1922,.T.);
#2076=FACE_BOUND('',#1923,.T.);
#2077=FACE_BOUND('',#1924,.T.);
#2078=FACE_BOUND('',#1925,.T.);
#2079=FACE_BOUND('',#1926,.T.);
#2080=FACE_BOUND('',#1927,.T.);
#2081=FACE_BOUND('',#1928,.T.);
#2082=FACE_BOUND('',#1929,.T.);
#2083=FACE_BOUND('',#1930,.T.);
#2084=FACE_BOUND('',#1931,.T.);
#2085=FACE_BOUND('',#1932,.T.);
#2086=FACE_BOUND('',#1933,.T.);
#2087=FACE_BOUND('',#1934,.T.);
#2088=FACE_BOUND('',#1935,.T.);
#2089=FACE_BOUND('',#1936,.T.);
#2090=FACE_BOUND('',#1937,.T.);
#2091=FACE_BOUND('',#1938,.T.);
#2092=FACE_BOUND('',#1939,.T.);
#2093=FACE_BOUND('',#1940,.T.);
#2094=FACE_BOUND('',#1941,.T.);
#2095=FACE_BOUND('',#1942,.T.);
#2096=FACE_BOUND('',#1943,.T.);
#2097=FACE_BOUND('',#1944,.T.);
#2098=FACE_BOUND('',#1945,.T.);
#2099=FACE_BOUND('',#1946,.T.);
#2100=FACE_BOUND('',#1947,.T.);
#2101=FACE_BOUND('',#1948,.T.);
#2102=FACE_BOUND('',#1949,.T.);
#2103=FACE_BOUND('',#1950,.T.);
#2104=FACE_BOUND('',#1951,.T.);
#2105=PLANE('',#2379);
#2106=PLANE('',#2381);
#2107=PLANE('',#2383);
#2108=PLANE('',#2385);
#2109=PLANE('',#2387);
#2110=PLANE('',#2388);
#2111=PLANE('',#2389);
#2112=PLANE('',#2390);
#2113=PLANE('',#2391);
#2114=PLANE('',#2396);
#2115=PLANE('',#2397);
#2116=PLANE('',#2398);
#2117=PLANE('',#2399);
#2118=PLANE('',#2400);
#2119=PLANE('',#2401);
#2120=PLANE('',#2402);
#2121=PLANE('',#2403);
#2122=PLANE('',#2404);
#2123=PLANE('',#2405);
#2124=PLANE('',#2406);
#2125=PLANE('',#2407);
#2126=PLANE('',#2408);
#2127=PLANE('',#2409);
#2128=PLANE('',#2410);
#2129=PLANE('',#2411);
#2130=PLANE('',#2412);
#2131=PLANE('',#2413);
#2132=PLANE('',#2414);
#2133=PLANE('',#2415);
#2134=PLANE('',#2416);
#2135=PLANE('',#2417);
#2136=PLANE('',#2418);
#2137=PLANE('',#2419);
#2138=PLANE('',#2420);
#2139=PLANE('',#2421);
#2140=PLANE('',#2422);
#2141=PLANE('',#2423);
#2142=PLANE('',#2424);
#2143=PLANE('',#2425);
#2144=PLANE('',#2431);
#2145=PLANE('',#2432);
#2146=PLANE('',#2433);
#2147=PLANE('',#2434);
#2148=PLANE('',#2435);
#2149=PLANE('',#2437);
#2150=PLANE('',#2443);
#2151=PLANE('',#2444);
#2152=PLANE('',#2445);
#2153=PLANE('',#2446);
#2154=PLANE('',#2447);
#2155=PLANE('',#2452);
#2156=PLANE('',#2453);
#2157=PLANE('',#2454);
#2158=PLANE('',#2455);
#2159=PLANE('',#2456);
#2160=PLANE('',#2457);
#2161=PLANE('',#2458);
#2162=PLANE('',#2459);
#2163=PLANE('',#2460);
#2164=PLANE('',#2461);
#2165=PLANE('',#2462);
#2166=PLANE('',#2463);
#2167=PLANE('',#2464);
#2168=PLANE('',#2467);
#2169=PLANE('',#2470);
#2170=PLANE('',#2478);
#2171=PLANE('',#2483);
#2172=PLANE('',#2484);
#2173=PLANE('',#2485);
#2174=PLANE('',#2486);
#2175=PLANE('',#2487);
#2176=PLANE('',#2488);
#2177=PLANE('',#2489);
#2178=PLANE('',#2490);
#2179=PLANE('',#2491);
#2180=PLANE('',#2504);
#2181=PLANE('',#2507);
#2182=PLANE('',#2510);
#2183=PLANE('',#2513);
#2184=PLANE('',#2516);
#2185=PLANE('',#2519);
#2186=PLANE('',#2524);
#2187=PLANE('',#2525);
#2188=PLANE('',#2526);
#2189=PLANE('',#2527);
#2190=PLANE('',#2528);
#2191=PLANE('',#2529);
#2192=PLANE('',#2532);
#2193=PLANE('',#2533);
#2194=PLANE('',#2536);
#2195=PLANE('',#2539);
#2196=PLANE('',#2540);
#2197=PLANE('',#2541);
#2198=PLANE('',#2542);
#2199=PLANE('',#2543);
#2200=PLANE('',#2544);
#2201=PLANE('',#2545);
#2202=PLANE('',#2546);
#2203=PLANE('',#2547);
#2204=PLANE('',#2548);
#2205=PLANE('',#2549);
#2206=PLANE('',#2550);
#2207=PLANE('',#2551);
#2208=PLANE('',#2552);
#2209=PLANE('',#2553);
#2210=PLANE('',#2554);
#2211=ADVANCED_FACE('',(#1952),#2105,.F.);
#2212=ADVANCED_FACE('',(#1953),#2106,.F.);
#2213=ADVANCED_FACE('',(#1954),#2107,.F.);
#2214=ADVANCED_FACE('',(#1955),#2108,.F.);
#2215=ADVANCED_FACE('',(#1956),#2109,.T.);
#2216=ADVANCED_FACE('',(#1957),#2110,.F.);
#2217=ADVANCED_FACE('',(#1958),#2111,.F.);
#2218=ADVANCED_FACE('',(#1959),#2112,.T.);
#2219=ADVANCED_FACE('',(#1960,#1961),#2113,.T.);
#2220=ADVANCED_FACE('',(#1962),#2114,.T.);
#2221=ADVANCED_FACE('',(#1963),#2115,.F.);
#2222=ADVANCED_FACE('',(#1964),#2116,.F.);
#2223=ADVANCED_FACE('',(#1965),#2117,.T.);
#2224=ADVANCED_FACE('',(#1966),#2118,.T.);
#2225=ADVANCED_FACE('',(#1967),#2119,.F.);
#2226=ADVANCED_FACE('',(#1968),#2120,.F.);
#2227=ADVANCED_FACE('',(#1969),#2121,.T.);
#2228=ADVANCED_FACE('',(#1970,#1971),#2122,.T.);
#2229=ADVANCED_FACE('',(#1972),#2123,.T.);
#2230=ADVANCED_FACE('',(#1973),#2124,.F.);
#2231=ADVANCED_FACE('',(#1974),#2125,.F.);
#2232=ADVANCED_FACE('',(#1975),#2126,.T.);
#2233=ADVANCED_FACE('',(#1976),#2127,.F.);
#2234=ADVANCED_FACE('',(#1977),#2128,.T.);
#2235=ADVANCED_FACE('',(#1978),#2129,.F.);
#2236=ADVANCED_FACE('',(#1979),#2130,.F.);
#2237=ADVANCED_FACE('',(#1980),#2131,.T.);
#2238=ADVANCED_FACE('',(#1981),#2132,.F.);
#2239=ADVANCED_FACE('',(#1982),#2133,.F.);
#2240=ADVANCED_FACE('',(#1983),#2134,.F.);
#2241=ADVANCED_FACE('',(#1984),#2135,.F.);
#2242=ADVANCED_FACE('',(#1985),#2136,.T.);
#2243=ADVANCED_FACE('',(#1986),#2137,.T.);
#2244=ADVANCED_FACE('',(#1987),#2138,.F.);
#2245=ADVANCED_FACE('',(#1988),#2139,.T.);
#2246=ADVANCED_FACE('',(#1989),#2140,.T.);
#2247=ADVANCED_FACE('',(#1990),#2141,.F.);
#2248=ADVANCED_FACE('',(#1991),#2142,.F.);
#2249=ADVANCED_FACE('',(#1992),#2143,.T.);
#2250=ADVANCED_FACE('',(#1993),#29,.T.);
#2251=ADVANCED_FACE('',(#1994),#30,.T.);
#2252=ADVANCED_FACE('',(#1995),#31,.T.);
#2253=ADVANCED_FACE('',(#1996),#32,.T.);
#2254=ADVANCED_FACE('',(#1997,#1998),#2144,.T.);
#2255=ADVANCED_FACE('',(#1999),#2145,.T.);
#2256=ADVANCED_FACE('',(#2000),#2146,.F.);
#2257=ADVANCED_FACE('',(#2001),#2147,.F.);
#2258=ADVANCED_FACE('',(#2002,#2003),#2148,.T.);
#2259=ADVANCED_FACE('',(#2004,#2005),#2149,.F.);
#2260=ADVANCED_FACE('',(#2006),#2150,.T.);
#2261=ADVANCED_FACE('',(#2007),#2151,.F.);
#2262=ADVANCED_FACE('',(#2008),#2152,.F.);
#2263=ADVANCED_FACE('',(#2009),#2153,.T.);
#2264=ADVANCED_FACE('',(#2010,#2011),#2154,.F.);
#2265=ADVANCED_FACE('',(#2012),#2155,.T.);
#2266=ADVANCED_FACE('',(#2013),#2156,.F.);
#2267=ADVANCED_FACE('',(#2014),#2157,.F.);
#2268=ADVANCED_FACE('',(#2015),#2158,.F.);
#2269=ADVANCED_FACE('',(#2016),#2159,.F.);
#2270=ADVANCED_FACE('',(#2017),#2160,.T.);
#2271=ADVANCED_FACE('',(#2018),#2161,.F.);
#2272=ADVANCED_FACE('',(#2019),#2162,.T.);
#2273=ADVANCED_FACE('',(#2020),#2163,.T.);
#2274=ADVANCED_FACE('',(#2021),#2164,.T.);
#2275=ADVANCED_FACE('',(#2022),#2165,.T.);
#2276=ADVANCED_FACE('',(#2023),#2166,.F.);
#2277=ADVANCED_FACE('',(#2024),#2167,.T.);
#2278=ADVANCED_FACE('',(#2025,#2026),#33,.F.);
#2279=ADVANCED_FACE('',(#2027),#2168,.T.);
#2280=ADVANCED_FACE('',(#2028,#2029),#34,.T.);
#2281=ADVANCED_FACE('',(#2030),#2169,.T.);
#2282=ADVANCED_FACE('',(#2031),#35,.T.);
#2283=ADVANCED_FACE('',(#2032),#36,.T.);
#2284=ADVANCED_FACE('',(#2033),#37,.T.);
#2285=ADVANCED_FACE('',(#2034),#38,.T.);
#2286=ADVANCED_FACE('',(#2035,#2036),#10,.T.);
#2287=ADVANCED_FACE('',(#2037,#2038),#2170,.T.);
#2288=ADVANCED_FACE('',(#2039),#2171,.F.);
#2289=ADVANCED_FACE('',(#2040),#2172,.F.);
#2290=ADVANCED_FACE('',(#2041),#2173,.F.);
#2291=ADVANCED_FACE('',(#2042),#2174,.T.);
#2292=ADVANCED_FACE('',(#2043),#2175,.T.);
#2293=ADVANCED_FACE('',(#2044),#2176,.F.);
#2294=ADVANCED_FACE('',(#2045),#2177,.T.);
#2295=ADVANCED_FACE('',(#2046),#2178,.T.);
#2296=ADVANCED_FACE('',(#2047,#2048,#2049,#2050,#2051,#2052,#2053),#2179,
 .F.);
#2297=ADVANCED_FACE('',(#2054,#2055),#39,.T.);
#2298=ADVANCED_FACE('',(#2056,#2057),#2180,.T.);
#2299=ADVANCED_FACE('',(#2058,#2059),#40,.T.);
#2300=ADVANCED_FACE('',(#2060),#2181,.F.);
#2301=ADVANCED_FACE('',(#2061,#2062),#41,.T.);
#2302=ADVANCED_FACE('',(#2063),#2182,.F.);
#2303=ADVANCED_FACE('',(#2064,#2065),#42,.T.);
#2304=ADVANCED_FACE('',(#2066),#2183,.F.);
#2305=ADVANCED_FACE('',(#2067,#2068),#43,.T.);
#2306=ADVANCED_FACE('',(#2069),#2184,.F.);
#2307=ADVANCED_FACE('',(#2070,#2071),#44,.T.);
#2308=ADVANCED_FACE('',(#2072),#2185,.F.);
#2309=ADVANCED_FACE('',(#2073),#45,.T.);
#2310=ADVANCED_FACE('',(#2074),#46,.T.);
#2311=ADVANCED_FACE('',(#2075),#47,.T.);
#2312=ADVANCED_FACE('',(#2076),#48,.T.);
#2313=ADVANCED_FACE('',(#2077),#2186,.T.);
#2314=ADVANCED_FACE('',(#2078),#2187,.F.);
#2315=ADVANCED_FACE('',(#2079),#2188,.T.);
#2316=ADVANCED_FACE('',(#2080,#2081),#2189,.T.);
#2317=ADVANCED_FACE('',(#2082),#2190,.T.);
#2318=ADVANCED_FACE('',(#2083),#2191,.F.);
#2319=ADVANCED_FACE('',(#2084),#2192,.F.);
#2320=ADVANCED_FACE('',(#2085),#2193,.T.);
#2321=ADVANCED_FACE('',(#2086),#2194,.T.);
#2322=ADVANCED_FACE('',(#2087),#49,.T.);
#2323=ADVANCED_FACE('',(#2088),#50,.T.);
#2324=ADVANCED_FACE('',(#2089),#2195,.T.);
#2325=ADVANCED_FACE('',(#2090),#2196,.F.);
#2326=ADVANCED_FACE('',(#2091),#2197,.T.);
#2327=ADVANCED_FACE('',(#2092),#2198,.T.);
#2328=ADVANCED_FACE('',(#2093),#2199,.T.);
#2329=ADVANCED_FACE('',(#2094),#2200,.F.);
#2330=ADVANCED_FACE('',(#2095),#2201,.T.);
#2331=ADVANCED_FACE('',(#2096),#2202,.T.);
#2332=ADVANCED_FACE('',(#2097),#2203,.T.);
#2333=ADVANCED_FACE('',(#2098),#2204,.F.);
#2334=ADVANCED_FACE('',(#2099),#2205,.T.);
#2335=ADVANCED_FACE('',(#2100),#2206,.T.);
#2336=ADVANCED_FACE('',(#2101),#2207,.T.);
#2337=ADVANCED_FACE('',(#2102),#2208,.F.);
#2338=ADVANCED_FACE('',(#2103),#2209,.T.);
#2339=ADVANCED_FACE('',(#2104),#2210,.T.);
#2340=CLOSED_SHELL('',(#2211,#2212,#2213,#2214,#2215,#2216,#2217,#2218,
#2219,#2220,#2221,#2222,#2223,#2224,#2225,#2226,#2227,#2228,#2229,#2230,
#2231,#2232,#2233,#2234,#2235,#2236,#2237,#2238,#2239,#2240,#2241,#2242,
#2243,#2244,#2245,#2246,#2247,#2248,#2249,#2250,#2251,#2252,#2253));
#2341=CLOSED_SHELL('',(#2254,#2255,#2256,#2257,#2258,#2259,#2260,#2261,
#2262,#2263,#2264,#2265,#2266,#2267,#2268,#2269,#2270,#2271,#2272,#2273,
#2274,#2275,#2276,#2277,#2278,#2279,#2280,#2281,#2282,#2283,#2284,#2285,
#2286));
#2342=CLOSED_SHELL('',(#2287,#2288,#2289,#2290,#2291,#2292,#2293,#2294,
#2295,#2296,#2297,#2298,#2299,#2300,#2301,#2302,#2303,#2304,#2305,#2306,
#2307,#2308,#2309,#2310,#2311,#2312,#2313,#2314,#2315,#2316,#2317,#2318,
#2319,#2320,#2321,#2322,#2323,#2324,#2325,#2326,#2327,#2328,#2329,#2330,
#2331,#2332,#2333,#2334,#2335,#2336,#2337,#2338,#2339));
#2343=STYLED_ITEM('',(#2346),#2367);
#2344=STYLED_ITEM('',(#2347),#2368);
#2345=STYLED_ITEM('',(#2348),#2369);
#2346=PRESENTATION_STYLE_ASSIGNMENT((#2349));
#2347=PRESENTATION_STYLE_ASSIGNMENT((#2350));
#2348=PRESENTATION_STYLE_ASSIGNMENT((#2351));
#2349=SURFACE_STYLE_USAGE(.BOTH.,#2352);
#2350=SURFACE_STYLE_USAGE(.BOTH.,#2353);
#2351=SURFACE_STYLE_USAGE(.BOTH.,#2354);
#2352=SURFACE_SIDE_STYLE('',(#2355));
#2353=SURFACE_SIDE_STYLE('',(#2356));
#2354=SURFACE_SIDE_STYLE('',(#2357));
#2355=SURFACE_STYLE_FILL_AREA(#2358);
#2356=SURFACE_STYLE_FILL_AREA(#2359);
#2357=SURFACE_STYLE_FILL_AREA(#2360);
#2358=FILL_AREA_STYLE('',(#2361));
#2359=FILL_AREA_STYLE('',(#2362));
#2360=FILL_AREA_STYLE('',(#2363));
#2361=FILL_AREA_STYLE_COLOUR('',#2364);
#2362=FILL_AREA_STYLE_COLOUR('',#2365);
#2363=FILL_AREA_STYLE_COLOUR('',#2366);
#2364=COLOUR_RGB('',0.231372549019608,0.380392156862745,0.705882352941177);
#2365=COLOUR_RGB('',0.647058823529412,0.647058823529412,0.647058823529412);
#2366=COLOUR_RGB('',0.615686274509804,0.811764705882353,0.929411764705882);
#2367=MANIFOLD_SOLID_BREP('Part 3',#2340);
#2368=MANIFOLD_SOLID_BREP('Part 2',#2341);
#2369=MANIFOLD_SOLID_BREP('Part 1',#2342);
#2370=SHAPE_DEFINITION_REPRESENTATION(#3857,#2374);
#2371=SHAPE_DEFINITION_REPRESENTATION(#3858,#2375);
#2372=SHAPE_DEFINITION_REPRESENTATION(#3860,#2376);
#2373=SHAPE_DEFINITION_REPRESENTATION(#3862,#2377);
#2374=SHAPE_REPRESENTATION('Assembly 1',(#2378,#2430,#2477,#2555),#3846);
#2375=SHAPE_REPRESENTATION('Part 3',(#2378),#3847);
#2376=SHAPE_REPRESENTATION('Part 2',(#2378),#3848);
#2377=SHAPE_REPRESENTATION('Part 1',(#2378),#3849);
#2378=AXIS2_PLACEMENT_3D('',#3183,#2556,#2557);
#2379=AXIS2_PLACEMENT_3D('',#3184,#2558,#2559);
#2380=AXIS2_PLACEMENT_3D('',#3188,#2561,#2562);
#2381=AXIS2_PLACEMENT_3D('',#3199,#2568,#2569);
#2382=AXIS2_PLACEMENT_3D('',#3203,#2571,#2572);
#2383=AXIS2_PLACEMENT_3D('',#3214,#2578,#2579);
#2384=AXIS2_PLACEMENT_3D('',#3218,#2581,#2582);
#2385=AXIS2_PLACEMENT_3D('',#3229,#2588,#2589);
#2386=AXIS2_PLACEMENT_3D('',#3233,#2591,#2592);
#2387=AXIS2_PLACEMENT_3D('',#3244,#2598,#2599);
#2388=AXIS2_PLACEMENT_3D('',#3253,#2604,#2605);
#2389=AXIS2_PLACEMENT_3D('',#3259,#2609,#2610);
#2390=AXIS2_PLACEMENT_3D('',#3265,#2614,#2615);
#2391=AXIS2_PLACEMENT_3D('',#3268,#2618,#2619);
#2392=AXIS2_PLACEMENT_3D('',#3272,#2621,#2622);
#2393=AXIS2_PLACEMENT_3D('',#3276,#2624,#2625);
#2394=AXIS2_PLACEMENT_3D('',#3280,#2627,#2628);
#2395=AXIS2_PLACEMENT_3D('',#3284,#2630,#2631);
#2396=AXIS2_PLACEMENT_3D('',#3285,#2632,#2633);
#2397=AXIS2_PLACEMENT_3D('',#3289,#2637,#2638);
#2398=AXIS2_PLACEMENT_3D('',#3293,#2642,#2643);
#2399=AXIS2_PLACEMENT_3D('',#3297,#2647,#2648);
#2400=AXIS2_PLACEMENT_3D('',#3301,#2652,#2653);
#2401=AXIS2_PLACEMENT_3D('',#3312,#2660,#2661);
#2402=AXIS2_PLACEMENT_3D('',#3321,#2667,#2668);
#2403=AXIS2_PLACEMENT_3D('',#3326,#2672,#2673);
#2404=AXIS2_PLACEMENT_3D('',#3333,#2678,#2679);
#2405=AXIS2_PLACEMENT_3D('',#3334,#2680,#2681);
#2406=AXIS2_PLACEMENT_3D('',#3340,#2685,#2686);
#2407=AXIS2_PLACEMENT_3D('',#3346,#2690,#2691);
#2408=AXIS2_PLACEMENT_3D('',#3349,#2694,#2695);
#2409=AXIS2_PLACEMENT_3D('',#3350,#2696,#2697);
#2410=AXIS2_PLACEMENT_3D('',#3351,#2698,#2699);
#2411=AXIS2_PLACEMENT_3D('',#3357,#2703,#2704);
#2412=AXIS2_PLACEMENT_3D('',#3363,#2708,#2709);
#2413=AXIS2_PLACEMENT_3D('',#3366,#2712,#2713);
#2414=AXIS2_PLACEMENT_3D('',#3367,#2714,#2715);
#2415=AXIS2_PLACEMENT_3D('',#3368,#2716,#2717);
#2416=AXIS2_PLACEMENT_3D('',#3374,#2721,#2722);
#2417=AXIS2_PLACEMENT_3D('',#3378,#2725,#2726);
#2418=AXIS2_PLACEMENT_3D('',#3382,#2729,#2730);
#2419=AXIS2_PLACEMENT_3D('',#3384,#2732,#2733);
#2420=AXIS2_PLACEMENT_3D('',#3385,#2734,#2735);
#2421=AXIS2_PLACEMENT_3D('',#3391,#2739,#2740);
#2422=AXIS2_PLACEMENT_3D('',#3397,#2744,#2745);
#2423=AXIS2_PLACEMENT_3D('',#3401,#2748,#2749);
#2424=AXIS2_PLACEMENT_3D('',#3405,#2752,#2753);
#2425=AXIS2_PLACEMENT_3D('',#3407,#2755,#2756);
#2426=AXIS2_PLACEMENT_3D('',#3408,#2757,#2758);
#2427=AXIS2_PLACEMENT_3D('',#3409,#2759,#2760);
#2428=AXIS2_PLACEMENT_3D('',#3410,#2761,#2762);
#2429=AXIS2_PLACEMENT_3D('',#3411,#2763,#2764);
#2430=AXIS2_PLACEMENT_3D('',#3412,#2765,#2766);
#2431=AXIS2_PLACEMENT_3D('',#3413,#2767,#2768);
#2432=AXIS2_PLACEMENT_3D('',#3446,#2785,#2786);
#2433=AXIS2_PLACEMENT_3D('',#3455,#2791,#2792);
#2434=AXIS2_PLACEMENT_3D('',#3464,#2797,#2798);
#2435=AXIS2_PLACEMENT_3D('',#3473,#2803,#2804);
#2436=AXIS2_PLACEMENT_3D('',#3474,#2805,#2806);
#2437=AXIS2_PLACEMENT_3D('',#3484,#2811,#2812);
#2438=AXIS2_PLACEMENT_3D('',#3485,#2813,#2814);
#2439=AXIS2_PLACEMENT_3D('',#3487,#2815,#2816);
#2440=AXIS2_PLACEMENT_3D('',#3488,#2817,#2818);
#2441=AXIS2_PLACEMENT_3D('',#3489,#2819,#2820);
#2442=AXIS2_PLACEMENT_3D('',#3490,#2821,#2822);
#2443=AXIS2_PLACEMENT_3D('',#3491,#2823,#2824);
#2444=AXIS2_PLACEMENT_3D('',#3497,#2828,#2829);
#2445=AXIS2_PLACEMENT_3D('',#3501,#2832,#2833);
#2446=AXIS2_PLACEMENT_3D('',#3505,#2836,#2837);
#2447=AXIS2_PLACEMENT_3D('',#3507,#2839,#2840);
#2448=AXIS2_PLACEMENT_3D('',#3508,#2841,#2842);
#2449=AXIS2_PLACEMENT_3D('',#3509,#2843,#2844);
#2450=AXIS2_PLACEMENT_3D('',#3510,#2845,#2846);
#2451=AXIS2_PLACEMENT_3D('',#3511,#2847,#2848);
#2452=AXIS2_PLACEMENT_3D('',#3512,#2849,#2850);
#2453=AXIS2_PLACEMENT_3D('',#3518,#2854,#2855);
#2454=AXIS2_PLACEMENT_3D('',#3522,#2858,#2859);
#2455=AXIS2_PLACEMENT_3D('',#3526,#2862,#2863);
#2456=AXIS2_PLACEMENT_3D('',#3530,#2866,#2867);
#2457=AXIS2_PLACEMENT_3D('',#3534,#2870,#2871);
#2458=AXIS2_PLACEMENT_3D('',#3538,#2874,#2875);
#2459=AXIS2_PLACEMENT_3D('',#3542,#2878,#2879);
#2460=AXIS2_PLACEMENT_3D('',#3546,#2882,#2883);
#2461=AXIS2_PLACEMENT_3D('',#3550,#2886,#2887);
#2462=AXIS2_PLACEMENT_3D('',#3554,#2890,#2891);
#2463=AXIS2_PLACEMENT_3D('',#3558,#2894,#2895);
#2464=AXIS2_PLACEMENT_3D('',#3560,#2897,#2898);
#2465=AXIS2_PLACEMENT_3D('',#3561,#2899,#2900);
#2466=AXIS2_PLACEMENT_3D('',#3562,#2901,#2902);
#2467=AXIS2_PLACEMENT_3D('',#3564,#2903,#2904);
#2468=AXIS2_PLACEMENT_3D('',#3565,#2905,#2906);
#2469=AXIS2_PLACEMENT_3D('',#3566,#2907,#2908);
#2470=AXIS2_PLACEMENT_3D('',#3568,#2909,#2910);
#2471=AXIS2_PLACEMENT_3D('',#3569,#2911,#2912);
#2472=AXIS2_PLACEMENT_3D('',#3571,#2913,#2914);
#2473=AXIS2_PLACEMENT_3D('',#3572,#2915,#2916);
#2474=AXIS2_PLACEMENT_3D('',#3573,#2917,#2918);
#2475=AXIS2_PLACEMENT_3D('',#3574,#2919,#2920);
#2476=AXIS2_PLACEMENT_3D('',#3575,#2921,#2922);
#2477=AXIS2_PLACEMENT_3D('',#3576,#2923,#2924);
#2478=AXIS2_PLACEMENT_3D('',#3577,#2925,#2926);
#2479=AXIS2_PLACEMENT_3D('',#3601,#2938,#2939);
#2480=AXIS2_PLACEMENT_3D('',#3613,#2945,#2946);
#2481=AXIS2_PLACEMENT_3D('',#3625,#2952,#2953);
#2482=AXIS2_PLACEMENT_3D('',#3637,#2959,#2960);
#2483=AXIS2_PLACEMENT_3D('',#3642,#2963,#2964);
#2484=AXIS2_PLACEMENT_3D('',#3653,#2971,#2972);
#2485=AXIS2_PLACEMENT_3D('',#3664,#2979,#2980);
#2486=AXIS2_PLACEMENT_3D('',#3675,#2987,#2988);
#2487=AXIS2_PLACEMENT_3D('',#3686,#2995,#2996);
#2488=AXIS2_PLACEMENT_3D('',#3692,#3000,#3001);
#2489=AXIS2_PLACEMENT_3D('',#3694,#3003,#3004);
#2490=AXIS2_PLACEMENT_3D('',#3696,#3006,#3007);
#2491=AXIS2_PLACEMENT_3D('',#3707,#3014,#3015);
#2492=AXIS2_PLACEMENT_3D('',#3708,#3016,#3017);
#2493=AXIS2_PLACEMENT_3D('',#3710,#3018,#3019);
#2494=AXIS2_PLACEMENT_3D('',#3712,#3020,#3021);
#2495=AXIS2_PLACEMENT_3D('',#3714,#3022,#3023);
#2496=AXIS2_PLACEMENT_3D('',#3716,#3024,#3025);
#2497=AXIS2_PLACEMENT_3D('',#3718,#3026,#3027);
#2498=AXIS2_PLACEMENT_3D('',#3720,#3028,#3029);
#2499=AXIS2_PLACEMENT_3D('',#3721,#3030,#3031);
#2500=AXIS2_PLACEMENT_3D('',#3722,#3032,#3033);
#2501=AXIS2_PLACEMENT_3D('',#3723,#3034,#3035);
#2502=AXIS2_PLACEMENT_3D('',#3724,#3036,#3037);
#2503=AXIS2_PLACEMENT_3D('',#3725,#3038,#3039);
#2504=AXIS2_PLACEMENT_3D('',#3727,#3040,#3041);
#2505=AXIS2_PLACEMENT_3D('',#3728,#3042,#3043);
#2506=AXIS2_PLACEMENT_3D('',#3729,#3044,#3045);
#2507=AXIS2_PLACEMENT_3D('',#3731,#3046,#3047);
#2508=AXIS2_PLACEMENT_3D('',#3732,#3048,#3049);
#2509=AXIS2_PLACEMENT_3D('',#3733,#3050,#3051);
#2510=AXIS2_PLACEMENT_3D('',#3735,#3052,#3053);
#2511=AXIS2_PLACEMENT_3D('',#3736,#3054,#3055);
#2512=AXIS2_PLACEMENT_3D('',#3737,#3056,#3057);
#2513=AXIS2_PLACEMENT_3D('',#3739,#3058,#3059);
#2514=AXIS2_PLACEMENT_3D('',#3740,#3060,#3061);
#2515=AXIS2_PLACEMENT_3D('',#3741,#3062,#3063);
#2516=AXIS2_PLACEMENT_3D('',#3743,#3064,#3065);
#2517=AXIS2_PLACEMENT_3D('',#3744,#3066,#3067);
#2518=AXIS2_PLACEMENT_3D('',#3745,#3068,#3069);
#2519=AXIS2_PLACEMENT_3D('',#3747,#3070,#3071);
#2520=AXIS2_PLACEMENT_3D('',#3748,#3072,#3073);
#2521=AXIS2_PLACEMENT_3D('',#3749,#3074,#3075);
#2522=AXIS2_PLACEMENT_3D('',#3750,#3076,#3077);
#2523=AXIS2_PLACEMENT_3D('',#3751,#3078,#3079);
#2524=AXIS2_PLACEMENT_3D('',#3752,#3080,#3081);
#2525=AXIS2_PLACEMENT_3D('',#3758,#3085,#3086);
#2526=AXIS2_PLACEMENT_3D('',#3760,#3088,#3089);
#2527=AXIS2_PLACEMENT_3D('',#3762,#3091,#3092);
#2528=AXIS2_PLACEMENT_3D('',#3771,#3097,#3098);
#2529=AXIS2_PLACEMENT_3D('',#3777,#3102,#3103);
#2530=AXIS2_PLACEMENT_3D('',#3781,#3105,#3106);
#2531=AXIS2_PLACEMENT_3D('',#3784,#3108,#3109);
#2532=AXIS2_PLACEMENT_3D('',#3785,#3110,#3111);
#2533=AXIS2_PLACEMENT_3D('',#3789,#3114,#3115);
#2534=AXIS2_PLACEMENT_3D('',#3790,#3116,#3117);
#2535=AXIS2_PLACEMENT_3D('',#3794,#3119,#3120);
#2536=AXIS2_PLACEMENT_3D('',#3795,#3121,#3122);
#2537=AXIS2_PLACEMENT_3D('',#3798,#3125,#3126);
#2538=AXIS2_PLACEMENT_3D('',#3799,#3127,#3128);
#2539=AXIS2_PLACEMENT_3D('',#3800,#3129,#3130);
#2540=AXIS2_PLACEMENT_3D('',#3806,#3134,#3135);
#2541=AXIS2_PLACEMENT_3D('',#3808,#3137,#3138);
#2542=AXIS2_PLACEMENT_3D('',#3810,#3140,#3141);
#2543=AXIS2_PLACEMENT_3D('',#3811,#3142,#3143);
#2544=AXIS2_PLACEMENT_3D('',#3817,#3147,#3148);
#2545=AXIS2_PLACEMENT_3D('',#3819,#3150,#3151);
#2546=AXIS2_PLACEMENT_3D('',#3821,#3153,#3154);
#2547=AXIS2_PLACEMENT_3D('',#3822,#3155,#3156);
#2548=AXIS2_PLACEMENT_3D('',#3828,#3160,#3161);
#2549=AXIS2_PLACEMENT_3D('',#3830,#3163,#3164);
#2550=AXIS2_PLACEMENT_3D('',#3832,#3166,#3167);
#2551=AXIS2_PLACEMENT_3D('',#3833,#3168,#3169);
#2552=AXIS2_PLACEMENT_3D('',#3839,#3173,#3174);
#2553=AXIS2_PLACEMENT_3D('',#3841,#3176,#3177);
#2554=AXIS2_PLACEMENT_3D('',#3843,#3179,#3180);
#2555=AXIS2_PLACEMENT_3D('',#3844,#3181,#3182);
#2556=DIRECTION('',(0.,0.,1.));
#2557=DIRECTION('',(1.,0.,0.));
#2558=DIRECTION('',(0.,0.,1.));
#2559=DIRECTION('',(1.,0.,0.));
#2560=DIRECTION('',(6.67201336914157E-17,1.,0.));
#2561=DIRECTION('',(0.,0.,1.));
#2562=DIRECTION('',(1.,0.,0.));
#2563=DIRECTION('',(-1.,-1.33440267382831E-16,0.));
#2564=DIRECTION('',(0.,-1.,0.));
#2565=DIRECTION('',(-1.,1.44560289664734E-16,0.));
#2566=DIRECTION('',(0.,-1.,0.));
#2567=DIRECTION('',(1.,0.,0.));
#2568=DIRECTION('',(0.,0.,1.));
#2569=DIRECTION('',(1.,0.,0.));
#2570=DIRECTION('',(-1.,-1.33440267382831E-16,0.));
#2571=DIRECTION('',(0.,0.,1.));
#2572=DIRECTION('',(1.,0.,0.));
#2573=DIRECTION('',(6.67201336914157E-17,1.,0.));
#2574=DIRECTION('',(-1.,0.,0.));
#2575=DIRECTION('',(0.,-1.,0.));
#2576=DIRECTION('',(-1.,1.44560289664734E-16,0.));
#2577=DIRECTION('',(0.,-1.,0.));
#2578=DIRECTION('',(0.,0.,1.));
#2579=DIRECTION('',(1.,0.,0.));
#2580=DIRECTION('',(-1.,-1.33440267382831E-16,0.));
#2581=DIRECTION('',(0.,0.,1.));
#2582=DIRECTION('',(1.,0.,0.));
#2583=DIRECTION('',(6.67201336914157E-17,1.,0.));
#2584=DIRECTION('',(1.,0.,0.));
#2585=DIRECTION('',(0.,-1.,0.));
#2586=DIRECTION('',(-1.,1.44560289664734E-16,0.));
#2587=DIRECTION('',(0.,1.,0.));
#2588=DIRECTION('',(0.,0.,1.));
#2589=DIRECTION('',(1.,0.,0.));
#2590=DIRECTION('',(6.67201336914157E-17,1.,0.));
#2591=DIRECTION('',(0.,0.,1.));
#2592=DIRECTION('',(1.,0.,0.));
#2593=DIRECTION('',(-1.,-1.33440267382831E-16,0.));
#2594=DIRECTION('',(0.,1.,0.));
#2595=DIRECTION('',(-1.,1.44560289664734E-16,0.));
#2596=DIRECTION('',(0.,-1.,0.));
#2597=DIRECTION('',(-1.,0.,0.));
#2598=DIRECTION('',(-1.23908819712629E-16,1.,0.));
#2599=DIRECTION('',(-1.,-1.23908819712629E-16,0.));
#2600=DIRECTION('',(0.,0.,1.));
#2601=DIRECTION('',(-1.,-1.23908819712629E-16,0.));
#2602=DIRECTION('',(0.,0.,1.));
#2603=DIRECTION('',(-1.,-1.23908819712629E-16,0.));
#2604=DIRECTION('',(1.,-6.19544098563145E-17,0.));
#2605=DIRECTION('',(6.19544098563145E-17,1.,0.));
#2606=DIRECTION('',(6.19544098563145E-17,1.,0.));
#2607=DIRECTION('',(6.19544098563145E-17,1.,0.));
#2608=DIRECTION('',(0.,0.,1.));
#2609=DIRECTION('',(-1.23908819712629E-16,1.,0.));
#2610=DIRECTION('',(-1.,-1.23908819712629E-16,0.));
#2611=DIRECTION('',(-1.,-1.23908819712629E-16,0.));
#2612=DIRECTION('',(-1.,-1.23908819712629E-16,0.));
#2613=DIRECTION('',(0.,0.,1.));
#2614=DIRECTION('',(1.,-6.19544098563145E-17,0.));
#2615=DIRECTION('',(6.19544098563145E-17,1.,0.));
#2616=DIRECTION('',(6.19544098563145E-17,1.,0.));
#2617=DIRECTION('',(6.19544098563145E-17,1.,0.));
#2618=DIRECTION('',(0.,0.,1.));
#2619=DIRECTION('',(1.,0.,0.));
#2620=DIRECTION('',(6.67201336914157E-17,1.,0.));
#2621=DIRECTION('',(0.,0.,1.));
#2622=DIRECTION('',(1.,0.,0.));
#2623=DIRECTION('',(-1.,-1.33440267382831E-16,0.));
#2624=DIRECTION('',(0.,0.,1.));
#2625=DIRECTION('',(1.,0.,0.));
#2626=DIRECTION('',(6.67201336914157E-17,1.,0.));
#2627=DIRECTION('',(0.,0.,1.));
#2628=DIRECTION('',(1.,0.,0.));
#2629=DIRECTION('',(-1.,-1.33440267382831E-16,0.));
#2630=DIRECTION('',(0.,0.,1.));
#2631=DIRECTION('',(1.,0.,0.));
#2632=DIRECTION('',(1.33440267382831E-16,-1.,0.));
#2633=DIRECTION('',(1.,1.33440267382831E-16,0.));
#2634=DIRECTION('',(0.,0.,-1.));
#2635=DIRECTION('',(-1.,-1.33440267382831E-16,0.));
#2636=DIRECTION('',(0.,0.,-1.));
#2637=DIRECTION('',(-1.,6.67201336914157E-17,0.));
#2638=DIRECTION('',(-6.67201336914157E-17,-1.,0.));
#2639=DIRECTION('',(0.,0.,-1.));
#2640=DIRECTION('',(6.67201336914157E-17,1.,0.));
#2641=DIRECTION('',(0.,0.,-1.));
#2642=DIRECTION('',(1.33440267382831E-16,-1.,0.));
#2643=DIRECTION('',(1.,1.33440267382831E-16,0.));
#2644=DIRECTION('',(0.,0.,-1.));
#2645=DIRECTION('',(0.,0.,-1.));
#2646=DIRECTION('',(-1.,-1.33440267382831E-16,0.));
#2647=DIRECTION('',(-1.,6.67201336914157E-17,0.));
#2648=DIRECTION('',(-6.67201336914157E-17,-1.,0.));
#2649=DIRECTION('',(0.,0.,-1.));
#2650=DIRECTION('',(0.,0.,-1.));
#2651=DIRECTION('',(6.67201336914157E-17,1.,0.));
#2652=DIRECTION('',(-1.44560289664734E-16,-1.,0.));
#2653=DIRECTION('',(1.,-1.44560289664734E-16,0.));
#2654=DIRECTION('',(0.,0.,-1.));
#2655=DIRECTION('',(-1.,1.44560289664734E-16,0.));
#2656=DIRECTION('',(0.,0.,-1.));
#2657=DIRECTION('',(0.,0.,1.));
#2658=DIRECTION('',(-1.,1.44560289664734E-16,0.));
#2659=DIRECTION('',(0.,0.,1.));
#2660=DIRECTION('',(1.,0.,0.));
#2661=DIRECTION('',(0.,0.,-1.));
#2662=DIRECTION('',(0.,0.,1.));
#2663=DIRECTION('',(0.,-1.,0.));
#2664=DIRECTION('',(0.,0.,1.));
#2665=DIRECTION('',(0.,0.,-1.));
#2666=DIRECTION('',(0.,-1.,0.));
#2667=DIRECTION('',(-1.44560289664734E-16,-1.,0.));
#2668=DIRECTION('',(1.,-1.44560289664734E-16,0.));
#2669=DIRECTION('',(-1.,0.,0.));
#2670=DIRECTION('',(0.,0.,-1.));
#2671=DIRECTION('',(-1.,1.44560289664734E-16,0.));
#2672=DIRECTION('',(1.,0.,0.));
#2673=DIRECTION('',(0.,0.,-1.));
#2674=DIRECTION('',(0.,-1.,0.));
#2675=DIRECTION('',(0.,0.,1.));
#2676=DIRECTION('',(0.,-1.,0.));
#2677=DIRECTION('',(0.,0.,1.));
#2678=DIRECTION('',(0.,0.,-1.));
#2679=DIRECTION('',(1.,0.,0.));
#2680=DIRECTION('',(1.,0.,0.));
#2681=DIRECTION('',(0.,0.,-1.));
#2682=DIRECTION('',(0.,1.,0.));
#2683=DIRECTION('',(0.,0.,1.));
#2684=DIRECTION('',(0.,1.,0.));
#2685=DIRECTION('',(1.,0.,0.));
#2686=DIRECTION('',(0.,0.,-1.));
#2687=DIRECTION('',(0.,1.,0.));
#2688=DIRECTION('',(0.,0.,1.));
#2689=DIRECTION('',(0.,1.,0.));
#2690=DIRECTION('',(0.,-1.,0.));
#2691=DIRECTION('',(0.,0.,-1.));
#2692=DIRECTION('',(1.,0.,0.));
#2693=DIRECTION('',(1.,0.,0.));
#2694=DIRECTION('',(0.,0.,-1.));
#2695=DIRECTION('',(1.,0.,0.));
#2696=DIRECTION('',(0.,0.,-1.));
#2697=DIRECTION('',(1.,0.,0.));
#2698=DIRECTION('',(0.,-1.,0.));
#2699=DIRECTION('',(0.,0.,-1.));
#2700=DIRECTION('',(1.,0.,0.));
#2701=DIRECTION('',(0.,0.,1.));
#2702=DIRECTION('',(1.,0.,0.));
#2703=DIRECTION('',(0.,-1.,0.));
#2704=DIRECTION('',(0.,0.,-1.));
#2705=DIRECTION('',(1.,0.,0.));
#2706=DIRECTION('',(0.,0.,1.));
#2707=DIRECTION('',(1.,0.,0.));
#2708=DIRECTION('',(-1.,2.16840434497101E-16,0.));
#2709=DIRECTION('',(-2.16840434497101E-16,-1.,0.));
#2710=DIRECTION('',(-2.16840434497101E-16,-1.,0.));
#2711=DIRECTION('',(-2.16840434497101E-16,-1.,0.));
#2712=DIRECTION('',(0.,0.,-1.));
#2713=DIRECTION('',(1.,0.,0.));
#2714=DIRECTION('',(0.,0.,-1.));
#2715=DIRECTION('',(1.,0.,0.));
#2716=DIRECTION('',(0.,0.,-1.));
#2717=DIRECTION('',(1.,0.,0.));
#2718=DIRECTION('',(-1.,0.,0.));
#2719=DIRECTION('',(-1.,0.,0.));
#2720=DIRECTION('',(-4.33680868994202E-16,1.,0.));
#2721=DIRECTION('',(0.,1.,0.));
#2722=DIRECTION('',(0.,0.,1.));
#2723=DIRECTION('',(0.,0.,1.));
#2724=DIRECTION('',(-1.,0.,0.));
#2725=DIRECTION('',(1.,4.33680868994202E-16,0.));
#2726=DIRECTION('',(-4.33680868994202E-16,1.,0.));
#2727=DIRECTION('',(0.,0.,1.));
#2728=DIRECTION('',(-4.33680868994202E-16,1.,0.));
#2729=DIRECTION('',(0.,1.,0.));
#2730=DIRECTION('',(0.,0.,1.));
#2731=DIRECTION('',(-1.,0.,0.));
#2732=DIRECTION('',(0.,0.,-1.));
#2733=DIRECTION('',(1.,0.,0.));
#2734=DIRECTION('',(0.,0.,-1.));
#2735=DIRECTION('',(1.,0.,0.));
#2736=DIRECTION('',(0.,-1.,0.));
#2737=DIRECTION('',(0.,-1.,0.));
#2738=DIRECTION('',(-1.,0.,0.));
#2739=DIRECTION('',(-1.,0.,0.));
#2740=DIRECTION('',(0.,0.,1.));
#2741=DIRECTION('',(0.,0.,1.));
#2742=DIRECTION('',(0.,-1.,0.));
#2743=DIRECTION('',(0.,0.,1.));
#2744=DIRECTION('',(0.,1.,0.));
#2745=DIRECTION('',(0.,0.,1.));
#2746=DIRECTION('',(0.,0.,1.));
#2747=DIRECTION('',(-1.,0.,0.));
#2748=DIRECTION('',(-1.,0.,0.));
#2749=DIRECTION('',(0.,0.,1.));
#2750=DIRECTION('',(0.,0.,1.));
#2751=DIRECTION('',(0.,-1.,0.));
#2752=DIRECTION('',(0.,1.,0.));
#2753=DIRECTION('',(0.,0.,1.));
#2754=DIRECTION('',(-1.,0.,0.));
#2755=DIRECTION('',(0.,0.,-1.));
#2756=DIRECTION('',(1.,0.,0.));
#2757=DIRECTION('',(0.,0.,-1.));
#2758=DIRECTION('',(-1.,0.,0.));
#2759=DIRECTION('',(0.,0.,1.));
#2760=DIRECTION('',(1.,0.,0.));
#2761=DIRECTION('',(0.,0.,1.));
#2762=DIRECTION('',(1.,0.,0.));
#2763=DIRECTION('',(0.,0.,-1.));
#2764=DIRECTION('',(-1.,0.,0.));
#2765=DIRECTION('',(0.,0.,1.));
#2766=DIRECTION('',(1.,0.,0.));
#2767=DIRECTION('',(0.,0.,1.));
#2768=DIRECTION('',(1.,0.,0.));
#2769=DIRECTION('',(-1.,-1.0842021724855E-16,0.));
#2770=DIRECTION('',(0.,1.,0.));
#2771=DIRECTION('',(-1.,-2.16840434497101E-16,0.));
#2772=DIRECTION('',(0.,1.,0.));
#2773=DIRECTION('',(0.,1.,0.));
#2774=DIRECTION('',(-1.,-7.74430123203932E-17,0.));
#2775=DIRECTION('',(7.74430123203932E-17,1.,0.));
#2776=DIRECTION('',(-1.,0.,0.));
#2777=DIRECTION('',(7.74430123203932E-17,1.,0.));
#2778=DIRECTION('',(-1.,-7.74430123203932E-17,0.));
#2779=DIRECTION('',(0.,1.,0.));
#2780=DIRECTION('',(-1.,-7.74430123203932E-17,0.));
#2781=DIRECTION('',(7.74430123203932E-17,1.,0.));
#2782=DIRECTION('',(-1.,0.,0.));
#2783=DIRECTION('',(7.74430123203932E-17,1.,0.));
#2784=DIRECTION('',(-1.,-7.74430123203932E-17,0.));
#2785=DIRECTION('',(1.11200222819026E-16,-1.,0.));
#2786=DIRECTION('',(1.,1.11200222819026E-16,0.));
#2787=DIRECTION('',(-1.,-1.11200222819026E-16,0.));
#2788=DIRECTION('',(0.,0.,-1.));
#2789=DIRECTION('',(-1.,-1.11200222819026E-16,0.));
#2790=DIRECTION('',(0.,0.,-1.));
#2791=DIRECTION('',(-1.,5.56001114095131E-17,0.));
#2792=DIRECTION('',(-5.56001114095131E-17,-1.,0.));
#2793=DIRECTION('',(5.56001114095131E-17,1.,0.));
#2794=DIRECTION('',(0.,0.,-1.));
#2795=DIRECTION('',(5.56001114095131E-17,1.,0.));
#2796=DIRECTION('',(0.,0.,-1.));
#2797=DIRECTION('',(1.11200222819026E-16,-1.,0.));
#2798=DIRECTION('',(1.,1.11200222819026E-16,0.));
#2799=DIRECTION('',(-1.,-1.11200222819026E-16,0.));
#2800=DIRECTION('',(0.,0.,-1.));
#2801=DIRECTION('',(-1.,-1.11200222819026E-16,0.));
#2802=DIRECTION('',(0.,0.,-1.));
#2803=DIRECTION('',(-1.,5.56001114095131E-17,0.));
#2804=DIRECTION('',(-5.56001114095131E-17,-1.,0.));
#2805=DIRECTION('',(-1.,5.56001114095131E-17,0.));
#2806=DIRECTION('',(-5.56001114095131E-17,-1.,0.));
#2807=DIRECTION('',(5.56001114095131E-17,1.,0.));
#2808=DIRECTION('',(0.,0.,-1.));
#2809=DIRECTION('',(5.56001114095131E-17,1.,0.));
#2810=DIRECTION('',(0.,0.,-1.));
#2811=DIRECTION('',(0.,0.,1.));
#2812=DIRECTION('',(1.,0.,0.));
#2813=DIRECTION('',(0.,0.,-1.));
#2814=DIRECTION('',(-1.,0.,0.));
#2815=DIRECTION('',(0.,0.,1.));
#2816=DIRECTION('',(1.,0.,0.));
#2817=DIRECTION('',(0.,0.,1.));
#2818=DIRECTION('',(1.,0.,0.));
#2819=DIRECTION('',(0.,0.,1.));
#2820=DIRECTION('',(1.,0.,0.));
#2821=DIRECTION('',(0.,0.,1.));
#2822=DIRECTION('',(1.,0.,0.));
#2823=DIRECTION('',(1.0842021724855E-16,-1.,0.));
#2824=DIRECTION('',(1.,1.0842021724855E-16,0.));
#2825=DIRECTION('',(-1.,-1.0842021724855E-16,0.));
#2826=DIRECTION('',(0.,0.,-1.));
#2827=DIRECTION('',(0.,0.,-1.));
#2828=DIRECTION('',(-1.,0.,0.));
#2829=DIRECTION('',(0.,0.,1.));
#2830=DIRECTION('',(0.,1.,0.));
#2831=DIRECTION('',(0.,0.,-1.));
#2832=DIRECTION('',(2.16840434497101E-16,-1.,0.));
#2833=DIRECTION('',(1.,2.16840434497101E-16,0.));
#2834=DIRECTION('',(-1.,-2.16840434497101E-16,0.));
#2835=DIRECTION('',(0.,0.,-1.));
#2836=DIRECTION('',(-1.,0.,0.));
#2837=DIRECTION('',(0.,0.,1.));
#2838=DIRECTION('',(0.,1.,0.));
#2839=DIRECTION('',(0.,0.,1.));
#2840=DIRECTION('',(1.,0.,0.));
#2841=DIRECTION('',(0.,0.,1.));
#2842=DIRECTION('',(1.,0.,0.));
#2843=DIRECTION('',(0.,0.,1.));
#2844=DIRECTION('',(1.,0.,0.));
#2845=DIRECTION('',(0.,0.,1.));
#2846=DIRECTION('',(1.,0.,0.));
#2847=DIRECTION('',(0.,0.,1.));
#2848=DIRECTION('',(1.,0.,0.));
#2849=DIRECTION('',(7.74430123203932E-17,-1.,0.));
#2850=DIRECTION('',(1.,7.74430123203932E-17,0.));
#2851=DIRECTION('',(0.,0.,-1.));
#2852=DIRECTION('',(-1.,-7.74430123203932E-17,0.));
#2853=DIRECTION('',(0.,0.,-1.));
#2854=DIRECTION('',(-1.,0.,0.));
#2855=DIRECTION('',(0.,0.,1.));
#2856=DIRECTION('',(0.,0.,-1.));
#2857=DIRECTION('',(0.,1.,0.));
#2858=DIRECTION('',(7.74430123203932E-17,-1.,0.));
#2859=DIRECTION('',(1.,7.74430123203932E-17,0.));
#2860=DIRECTION('',(0.,0.,-1.));
#2861=DIRECTION('',(-1.,-7.74430123203932E-17,0.));
#2862=DIRECTION('',(-1.,7.74430123203932E-17,0.));
#2863=DIRECTION('',(-7.74430123203932E-17,-1.,0.));
#2864=DIRECTION('',(0.,0.,-1.));
#2865=DIRECTION('',(7.74430123203932E-17,1.,0.));
#2866=DIRECTION('',(0.,-1.,0.));
#2867=DIRECTION('',(0.,0.,-1.));
#2868=DIRECTION('',(0.,0.,-1.));
#2869=DIRECTION('',(-1.,0.,0.));
#2870=DIRECTION('',(-1.,7.74430123203932E-17,0.));
#2871=DIRECTION('',(-7.74430123203932E-17,-1.,0.));
#2872=DIRECTION('',(0.,0.,-1.));
#2873=DIRECTION('',(7.74430123203932E-17,1.,0.));
#2874=DIRECTION('',(7.74430123203932E-17,-1.,0.));
#2875=DIRECTION('',(1.,7.74430123203932E-17,0.));
#2876=DIRECTION('',(0.,0.,-1.));
#2877=DIRECTION('',(-1.,-7.74430123203932E-17,0.));
#2878=DIRECTION('',(-1.,0.,0.));
#2879=DIRECTION('',(0.,0.,1.));
#2880=DIRECTION('',(0.,0.,-1.));
#2881=DIRECTION('',(0.,1.,0.));
#2882=DIRECTION('',(7.74430123203932E-17,-1.,0.));
#2883=DIRECTION('',(1.,7.74430123203932E-17,0.));
#2884=DIRECTION('',(0.,0.,-1.));
#2885=DIRECTION('',(-1.,-7.74430123203932E-17,0.));
#2886=DIRECTION('',(-1.,7.74430123203932E-17,0.));
#2887=DIRECTION('',(-7.74430123203932E-17,-1.,0.));
#2888=DIRECTION('',(0.,0.,-1.));
#2889=DIRECTION('',(7.74430123203932E-17,1.,0.));
#2890=DIRECTION('',(0.,-1.,0.));
#2891=DIRECTION('',(0.,0.,-1.));
#2892=DIRECTION('',(0.,0.,-1.));
#2893=DIRECTION('',(-1.,0.,0.));
#2894=DIRECTION('',(-1.,7.74430123203932E-17,0.));
#2895=DIRECTION('',(-7.74430123203932E-17,-1.,0.));
#2896=DIRECTION('',(7.74430123203932E-17,1.,0.));
#2897=DIRECTION('',(0.,0.,1.));
#2898=DIRECTION('',(1.,0.,0.));
#2899=DIRECTION('',(0.,0.,-1.));
#2900=DIRECTION('',(-1.,0.,0.));
#2901=DIRECTION('',(0.,0.,-1.));
#2902=DIRECTION('',(-1.,0.,0.));
#2903=DIRECTION('',(0.,0.,-1.));
#2904=DIRECTION('',(1.,0.,0.));
#2905=DIRECTION('',(1.,-5.56001114095131E-17,0.));
#2906=DIRECTION('',(5.56001114095131E-17,1.,0.));
#2907=DIRECTION('',(-1.,5.56001114095131E-17,0.));
#2908=DIRECTION('',(-5.56001114095131E-17,-1.,0.));
#2909=DIRECTION('',(-1.,5.56001114095131E-17,0.));
#2910=DIRECTION('',(-5.56001114095131E-17,-1.,0.));
#2911=DIRECTION('',(-1.,5.56001114095131E-17,0.));
#2912=DIRECTION('',(-5.56001114095131E-17,-1.,0.));
#2913=DIRECTION('',(0.,0.,-1.));
#2914=DIRECTION('',(-1.,0.,0.));
#2915=DIRECTION('',(0.,0.,1.));
#2916=DIRECTION('',(1.,0.,0.));
#2917=DIRECTION('',(0.,0.,1.));
#2918=DIRECTION('',(1.,0.,0.));
#2919=DIRECTION('',(0.,0.,-1.));
#2920=DIRECTION('',(-1.,0.,0.));
#2921=DIRECTION('',(-1.,5.56001114095131E-17,0.));
#2922=DIRECTION('',(-5.56001114095131E-17,-1.,0.));
#2923=DIRECTION('',(0.,0.,1.));
#2924=DIRECTION('',(1.,0.,0.));
#2925=DIRECTION('',(0.,0.,1.));
#2926=DIRECTION('',(1.,0.,0.));
#2927=DIRECTION('',(0.,1.,0.));
#2928=DIRECTION('',(1.,0.,0.));
#2929=DIRECTION('',(0.,1.,0.));
#2930=DIRECTION('',(-1.,-2.16840434497101E-16,0.));
#2931=DIRECTION('',(0.,1.,0.));
#2932=DIRECTION('',(-1.,-2.16840434497101E-16,0.));
#2933=DIRECTION('',(0.,1.,0.));
#2934=DIRECTION('',(1.,0.,0.));
#2935=DIRECTION('',(6.19544098563145E-17,1.,0.));
#2936=DIRECTION('',(1.,-6.19544098563146E-17,0.));
#2937=DIRECTION('',(6.19544098563145E-17,1.,0.));
#2938=DIRECTION('',(0.,0.,1.));
#2939=DIRECTION('',(1.,0.,0.));
#2940=DIRECTION('',(-1.,-1.23908819712629E-16,0.));
#2941=DIRECTION('',(-1.23908819712629E-16,1.,0.));
#2942=DIRECTION('',(-1.,-1.23908819712629E-16,0.));
#2943=DIRECTION('',(-1.23908819712629E-16,1.,0.));
#2944=DIRECTION('',(-1.,-1.23908819712629E-16,0.));
#2945=DIRECTION('',(0.,0.,1.));
#2946=DIRECTION('',(1.,0.,0.));
#2947=DIRECTION('',(6.19544098563145E-17,1.,0.));
#2948=DIRECTION('',(-1.,6.19544098563145E-17,0.));
#2949=DIRECTION('',(6.19544098563145E-17,1.,0.));
#2950=DIRECTION('',(-1.,6.19544098563145E-17,0.));
#2951=DIRECTION('',(6.19544098563145E-17,1.,0.));
#2952=DIRECTION('',(0.,0.,1.));
#2953=DIRECTION('',(1.,0.,0.));
#2954=DIRECTION('',(-1.,-1.23908819712629E-16,0.));
#2955=DIRECTION('',(1.23908819712629E-16,-1.,0.));
#2956=DIRECTION('',(-1.,-1.23908819712629E-16,0.));
#2957=DIRECTION('',(1.23908819712629E-16,-1.,0.));
#2958=DIRECTION('',(-1.,-1.23908819712629E-16,0.));
#2959=DIRECTION('',(0.,0.,1.));
#2960=DIRECTION('',(1.,0.,0.));
#2961=DIRECTION('',(6.19544098563145E-17,1.,0.));
#2962=DIRECTION('',(1.,-6.19544098563146E-17,0.));
#2963=DIRECTION('',(-1.,6.19544098563145E-17,0.));
#2964=DIRECTION('',(-6.19544098563145E-17,-1.,0.));
#2965=DIRECTION('',(0.,0.,1.));
#2966=DIRECTION('',(-6.19544098563145E-17,-1.,0.));
#2967=DIRECTION('',(0.,0.,1.));
#2968=DIRECTION('',(0.,0.,-1.));
#2969=DIRECTION('',(6.19544098563145E-17,1.,0.));
#2970=DIRECTION('',(0.,0.,-1.));
#2971=DIRECTION('',(1.23908819712629E-16,-1.,0.));
#2972=DIRECTION('',(1.,1.23908819712629E-16,0.));
#2973=DIRECTION('',(0.,0.,1.));
#2974=DIRECTION('',(1.,1.23908819712629E-16,0.));
#2975=DIRECTION('',(0.,0.,1.));
#2976=DIRECTION('',(0.,0.,-1.));
#2977=DIRECTION('',(-1.,-1.23908819712629E-16,0.));
#2978=DIRECTION('',(0.,0.,-1.));
#2979=DIRECTION('',(-1.,0.,0.));
#2980=DIRECTION('',(0.,0.,1.));
#2981=DIRECTION('',(0.,3.03576608295942E-16,1.));
#2982=DIRECTION('',(0.,-1.,1.22464679914735E-16));
#2983=DIRECTION('',(0.,3.03576608295942E-16,1.));
#2984=DIRECTION('',(0.,0.,-1.));
#2985=DIRECTION('',(0.,1.,0.));
#2986=DIRECTION('',(0.,0.,-1.));
#2987=DIRECTION('',(1.23908819712629E-16,-1.,0.));
#2988=DIRECTION('',(1.,1.23908819712629E-16,0.));
#2989=DIRECTION('',(0.,0.,1.));
#2990=DIRECTION('',(-1.,-1.23908819712629E-16,0.));
#2991=DIRECTION('',(0.,0.,1.));
#2992=DIRECTION('',(0.,0.,-1.));
#2993=DIRECTION('',(-1.,-1.23908819712629E-16,0.));
#2994=DIRECTION('',(0.,0.,-1.));
#2995=DIRECTION('',(-1.,0.,0.));
#2996=DIRECTION('',(0.,0.,1.));
#2997=DIRECTION('',(0.,0.,-1.));
#2998=DIRECTION('',(0.,1.,0.));
#2999=DIRECTION('',(0.,0.,-1.));
#3000=DIRECTION('',(2.16840434497101E-16,-1.,0.));
#3001=DIRECTION('',(1.,2.16840434497101E-16,0.));
#3002=DIRECTION('',(-1.,-2.16840434497101E-16,0.));
#3003=DIRECTION('',(2.16840434497101E-16,-1.,0.));
#3004=DIRECTION('',(1.,2.16840434497101E-16,0.));
#3005=DIRECTION('',(-1.,-2.16840434497101E-16,0.));
#3006=DIRECTION('',(-1.,6.19544098563145E-17,0.));
#3007=DIRECTION('',(-6.19544098563145E-17,-1.,0.));
#3008=DIRECTION('',(0.,0.,1.));
#3009=DIRECTION('',(6.19544098563145E-17,1.,0.));
#3010=DIRECTION('',(0.,0.,1.));
#3011=DIRECTION('',(0.,0.,-1.));
#3012=DIRECTION('',(6.19544098563145E-17,1.,0.));
#3013=DIRECTION('',(0.,0.,-1.));
#3014=DIRECTION('',(0.,0.,1.));
#3015=DIRECTION('',(1.,0.,0.));
#3016=DIRECTION('',(0.,0.,1.));
#3017=DIRECTION('',(1.,0.,0.));
#3018=DIRECTION('',(0.,0.,1.));
#3019=DIRECTION('',(1.,0.,0.));
#3020=DIRECTION('',(0.,0.,1.));
#3021=DIRECTION('',(1.,0.,0.));
#3022=DIRECTION('',(0.,0.,1.));
#3023=DIRECTION('',(1.,0.,0.));
#3024=DIRECTION('',(0.,0.,1.));
#3025=DIRECTION('',(1.,0.,0.));
#3026=DIRECTION('',(0.,0.,-1.));
#3027=DIRECTION('',(-1.,0.,0.));
#3028=DIRECTION('',(0.,0.,1.));
#3029=DIRECTION('',(1.,0.,0.));
#3030=DIRECTION('',(0.,0.,1.));
#3031=DIRECTION('',(1.,0.,0.));
#3032=DIRECTION('',(0.,0.,1.));
#3033=DIRECTION('',(1.,0.,0.));
#3034=DIRECTION('',(0.,0.,1.));
#3035=DIRECTION('',(1.,0.,0.));
#3036=DIRECTION('',(0.,0.,1.));
#3037=DIRECTION('',(1.,0.,0.));
#3038=DIRECTION('',(0.,0.,-1.));
#3039=DIRECTION('',(-1.,0.,0.));
#3040=DIRECTION('',(0.,0.,-1.));
#3041=DIRECTION('',(1.,0.,0.));
#3042=DIRECTION('',(0.,0.,1.));
#3043=DIRECTION('',(1.,0.,0.));
#3044=DIRECTION('',(0.,0.,1.));
#3045=DIRECTION('',(1.,0.,0.));
#3046=DIRECTION('',(0.,0.,1.));
#3047=DIRECTION('',(1.,0.,0.));
#3048=DIRECTION('',(0.,0.,1.));
#3049=DIRECTION('',(1.,0.,0.));
#3050=DIRECTION('',(0.,0.,1.));
#3051=DIRECTION('',(1.,0.,0.));
#3052=DIRECTION('',(0.,0.,1.));
#3053=DIRECTION('',(1.,0.,0.));
#3054=DIRECTION('',(0.,0.,1.));
#3055=DIRECTION('',(1.,0.,0.));
#3056=DIRECTION('',(0.,0.,1.));
#3057=DIRECTION('',(1.,0.,0.));
#3058=DIRECTION('',(0.,0.,1.));
#3059=DIRECTION('',(1.,0.,0.));
#3060=DIRECTION('',(0.,0.,1.));
#3061=DIRECTION('',(1.,0.,0.));
#3062=DIRECTION('',(0.,0.,1.));
#3063=DIRECTION('',(1.,0.,0.));
#3064=DIRECTION('',(0.,0.,1.));
#3065=DIRECTION('',(1.,0.,0.));
#3066=DIRECTION('',(0.,0.,1.));
#3067=DIRECTION('',(1.,0.,0.));
#3068=DIRECTION('',(0.,0.,1.));
#3069=DIRECTION('',(1.,0.,0.));
#3070=DIRECTION('',(0.,0.,1.));
#3071=DIRECTION('',(1.,0.,0.));
#3072=DIRECTION('',(0.,0.,-1.));
#3073=DIRECTION('',(-1.,0.,0.));
#3074=DIRECTION('',(0.,0.,1.));
#3075=DIRECTION('',(1.,0.,0.));
#3076=DIRECTION('',(0.,0.,-1.));
#3077=DIRECTION('',(-1.,0.,0.));
#3078=DIRECTION('',(0.,0.,1.));
#3079=DIRECTION('',(1.,0.,0.));
#3080=DIRECTION('',(0.,1.22464679914735E-16,1.));
#3081=DIRECTION('',(0.,-1.,1.22464679914735E-16));
#3082=DIRECTION('',(1.,0.,0.));
#3083=DIRECTION('',(0.,-1.,1.22464679914735E-16));
#3084=DIRECTION('',(1.,0.,0.));
#3085=DIRECTION('',(0.,1.,-3.03576608295942E-16));
#3086=DIRECTION('',(0.,3.03576608295942E-16,1.));
#3087=DIRECTION('',(0.,3.03576608295942E-16,1.));
#3088=DIRECTION('',(0.,1.,-3.03576608295942E-16));
#3089=DIRECTION('',(0.,3.03576608295942E-16,1.));
#3090=DIRECTION('',(0.,3.03576608295942E-16,1.));
#3091=DIRECTION('',(1.,0.,0.));
#3092=DIRECTION('',(0.,1.,0.));
#3093=DIRECTION('',(0.,-1.,0.));
#3094=DIRECTION('',(0.,2.98155597433513E-16,1.));
#3095=DIRECTION('',(0.,-1.,0.));
#3096=DIRECTION('',(0.,2.98155597433513E-16,1.));
#3097=DIRECTION('',(0.,0.,-1.));
#3098=DIRECTION('',(-1.,0.,0.));
#3099=DIRECTION('',(-1.,0.,0.));
#3100=DIRECTION('',(0.,-1.,0.));
#3101=DIRECTION('',(-1.,0.,0.));
#3102=DIRECTION('',(0.,-1.,2.98155597433513E-16));
#3103=DIRECTION('',(0.,-2.98155597433513E-16,-1.));
#3104=DIRECTION('',(0.,2.98155597433513E-16,1.));
#3105=DIRECTION('',(0.,-1.,2.98155597433513E-16));
#3106=DIRECTION('',(0.,-2.98155597433513E-16,-1.));
#3107=DIRECTION('',(-1.,0.,0.));
#3108=DIRECTION('',(0.,-1.,2.98155597433513E-16));
#3109=DIRECTION('',(0.,-2.98155597433513E-16,-1.));
#3110=DIRECTION('',(0.,0.,-1.));
#3111=DIRECTION('',(-1.,0.,0.));
#3112=DIRECTION('',(-1.,0.,0.));
#3113=DIRECTION('',(0.,-1.,0.));
#3114=DIRECTION('',(0.,-1.,2.98155597433513E-16));
#3115=DIRECTION('',(0.,-2.98155597433513E-16,-1.));
#3116=DIRECTION('',(0.,-1.,2.98155597433513E-16));
#3117=DIRECTION('',(0.,-2.98155597433513E-16,-1.));
#3118=DIRECTION('',(0.,2.98155597433513E-16,1.));
#3119=DIRECTION('',(0.,-1.,2.98155597433513E-16));
#3120=DIRECTION('',(0.,-2.98155597433513E-16,-1.));
#3121=DIRECTION('',(1.,0.,0.));
#3122=DIRECTION('',(0.,1.,0.));
#3123=DIRECTION('',(0.,-1.,0.));
#3124=DIRECTION('',(0.,-1.,0.));
#3125=DIRECTION('',(0.,-1.,0.));
#3126=DIRECTION('',(0.,0.,-1.));
#3127=DIRECTION('',(0.,1.,0.));
#3128=DIRECTION('',(0.,0.,1.));
#3129=DIRECTION('',(0.,0.,1.));
#3130=DIRECTION('',(1.,0.,0.));
#3131=DIRECTION('',(1.23908819712629E-16,-1.,0.));
#3132=DIRECTION('',(-1.,-1.23908819712629E-16,0.));
#3133=DIRECTION('',(1.23908819712629E-16,-1.,0.));
#3134=DIRECTION('',(1.,1.23908819712629E-16,0.));
#3135=DIRECTION('',(-1.23908819712629E-16,1.,0.));
#3136=DIRECTION('',(0.,0.,1.));
#3137=DIRECTION('',(1.,1.23908819712629E-16,0.));
#3138=DIRECTION('',(-1.23908819712629E-16,1.,0.));
#3139=DIRECTION('',(0.,0.,1.));
#3140=DIRECTION('',(1.23908819712629E-16,-1.,0.));
#3141=DIRECTION('',(1.,1.23908819712629E-16,0.));
#3142=DIRECTION('',(0.,0.,1.));
#3143=DIRECTION('',(1.,0.,0.));
#3144=DIRECTION('',(-1.,6.19544098563145E-17,0.));
#3145=DIRECTION('',(6.19544098563145E-17,1.,0.));
#3146=DIRECTION('',(-1.,6.19544098563145E-17,0.));
#3147=DIRECTION('',(-6.19544098563145E-17,-1.,0.));
#3148=DIRECTION('',(1.,-6.19544098563145E-17,0.));
#3149=DIRECTION('',(0.,0.,1.));
#3150=DIRECTION('',(-6.19544098563145E-17,-1.,0.));
#3151=DIRECTION('',(1.,-6.19544098563145E-17,0.));
#3152=DIRECTION('',(0.,0.,1.));
#3153=DIRECTION('',(-1.,6.19544098563145E-17,0.));
#3154=DIRECTION('',(-6.19544098563145E-17,-1.,0.));
#3155=DIRECTION('',(0.,0.,1.));
#3156=DIRECTION('',(1.,0.,0.));
#3157=DIRECTION('',(-1.23908819712629E-16,1.,0.));
#3158=DIRECTION('',(1.,1.23908819712629E-16,0.));
#3159=DIRECTION('',(-1.23908819712629E-16,1.,0.));
#3160=DIRECTION('',(-1.,-1.23908819712629E-16,0.));
#3161=DIRECTION('',(1.23908819712629E-16,-1.,0.));
#3162=DIRECTION('',(0.,0.,1.));
#3163=DIRECTION('',(-1.,-1.23908819712629E-16,0.));
#3164=DIRECTION('',(1.23908819712629E-16,-1.,0.));
#3165=DIRECTION('',(0.,0.,1.));
#3166=DIRECTION('',(-1.23908819712629E-16,1.,0.));
#3167=DIRECTION('',(-1.,-1.23908819712629E-16,0.));
#3168=DIRECTION('',(0.,0.,1.));
#3169=DIRECTION('',(1.,0.,0.));
#3170=DIRECTION('',(1.,-6.19544098563146E-17,0.));
#3171=DIRECTION('',(-6.19544098563145E-17,-1.,0.));
#3172=DIRECTION('',(1.,-6.19544098563146E-17,0.));
#3173=DIRECTION('',(6.19544098563146E-17,1.,0.));
#3174=DIRECTION('',(-1.,6.19544098563146E-17,0.));
#3175=DIRECTION('',(0.,0.,1.));
#3176=DIRECTION('',(6.19544098563146E-17,1.,0.));
#3177=DIRECTION('',(-1.,6.19544098563146E-17,0.));
#3178=DIRECTION('',(0.,0.,1.));
#3179=DIRECTION('',(1.,-6.19544098563145E-17,0.));
#3180=DIRECTION('',(6.19544098563145E-17,1.,0.));
#3181=DIRECTION('',(0.,0.,1.));
#3182=DIRECTION('',(1.,0.,0.));
#3183=CARTESIAN_POINT('',(0.,0.,0.));
#3184=CARTESIAN_POINT('',(0.,0.,0.01));
#3185=CARTESIAN_POINT('',(0.0065,0.,0.01));
#3186=CARTESIAN_POINT('',(0.0065,-0.006,0.01));
#3187=CARTESIAN_POINT('',(0.0065,-0.002,0.01));
#3188=CARTESIAN_POINT('',(0.006,-0.006,0.01));
#3189=CARTESIAN_POINT('',(0.006,-0.0065,0.01));
#3190=CARTESIAN_POINT('',(0.,-0.0065,0.01));
#3191=CARTESIAN_POINT('',(0.002,-0.0065,0.01));
#3192=CARTESIAN_POINT('',(0.002,-0.00649826508015394,0.01));
#3193=CARTESIAN_POINT('',(0.002,-0.00599938254007697,0.01));
#3194=CARTESIAN_POINT('',(0.,-0.006,0.01));
#3195=CARTESIAN_POINT('',(0.006,-0.006,0.01));
#3196=CARTESIAN_POINT('',(0.006,-8.67361737988404E-19,0.01));
#3197=CARTESIAN_POINT('',(0.006,-0.002,0.01));
#3198=CARTESIAN_POINT('',(0.0065,-0.002,0.01));
#3199=CARTESIAN_POINT('',(0.,0.,0.01));
#3200=CARTESIAN_POINT('',(0.,-0.0065,0.01));
#3201=CARTESIAN_POINT('',(-0.002,-0.0065,0.01));
#3202=CARTESIAN_POINT('',(-0.006,-0.0065,0.01));
#3203=CARTESIAN_POINT('',(-0.006,-0.006,0.01));
#3204=CARTESIAN_POINT('',(-0.0065,-0.006,0.01));
#3205=CARTESIAN_POINT('',(-0.0065,-8.67361737988404E-19,0.01));
#3206=CARTESIAN_POINT('',(-0.0065,-0.002,0.01));
#3207=CARTESIAN_POINT('',(-0.0065,-0.002,0.01));
#3208=CARTESIAN_POINT('',(-0.006,-0.002,0.01));
#3209=CARTESIAN_POINT('',(-0.006,8.67361737988404E-19,0.01));
#3210=CARTESIAN_POINT('',(-0.006,-0.006,0.01));
#3211=CARTESIAN_POINT('',(0.,-0.006,0.01));
#3212=CARTESIAN_POINT('',(-0.002,-0.00599938254007697,0.01));
#3213=CARTESIAN_POINT('',(-0.002,-0.00649826508015394,0.01));
#3214=CARTESIAN_POINT('',(0.,0.,0.01));
#3215=CARTESIAN_POINT('',(0.,0.0065,0.01));
#3216=CARTESIAN_POINT('',(0.006,0.0065,0.01));
#3217=CARTESIAN_POINT('',(0.002,0.0065,0.01));
#3218=CARTESIAN_POINT('',(0.006,0.006,0.01));
#3219=CARTESIAN_POINT('',(0.0065,0.006,0.01));
#3220=CARTESIAN_POINT('',(0.0065,0.,0.01));
#3221=CARTESIAN_POINT('',(0.0065,0.002,0.01));
#3222=CARTESIAN_POINT('',(0.0065,0.002,0.01));
#3223=CARTESIAN_POINT('',(0.006,0.002,0.01));
#3224=CARTESIAN_POINT('',(0.006,-8.67361737988404E-19,0.01));
#3225=CARTESIAN_POINT('',(0.006,0.006,0.01));
#3226=CARTESIAN_POINT('',(0.,0.006,0.01));
#3227=CARTESIAN_POINT('',(0.002,0.006,0.01));
#3228=CARTESIAN_POINT('',(0.002,0.0065,0.01));
#3229=CARTESIAN_POINT('',(0.,0.,0.01));
#3230=CARTESIAN_POINT('',(-0.0065,-8.67361737988404E-19,0.01));
#3231=CARTESIAN_POINT('',(-0.0065,0.002,0.01));
#3232=CARTESIAN_POINT('',(-0.0065,0.006,0.01));
#3233=CARTESIAN_POINT('',(-0.006,0.006,0.01));
#3234=CARTESIAN_POINT('',(-0.006,0.0065,0.01));
#3235=CARTESIAN_POINT('',(0.,0.0065,0.01));
#3236=CARTESIAN_POINT('',(-0.002,0.0065,0.01));
#3237=CARTESIAN_POINT('',(-0.002,0.0065,0.01));
#3238=CARTESIAN_POINT('',(-0.002,0.006,0.01));
#3239=CARTESIAN_POINT('',(0.,0.006,0.01));
#3240=CARTESIAN_POINT('',(-0.006,0.006,0.01));
#3241=CARTESIAN_POINT('',(-0.006,8.67361737988404E-19,0.01));
#3242=CARTESIAN_POINT('',(-0.006,0.002,0.01));
#3243=CARTESIAN_POINT('',(-0.0065,0.002,0.01));
#3244=CARTESIAN_POINT('',(-4.33680868994202E-19,-0.0035,-0.013237555491351));
#3245=CARTESIAN_POINT('',(0.0035,-0.0035,-0.013237555491351));
#3246=CARTESIAN_POINT('',(0.0035,-0.0035,0.015));
#3247=CARTESIAN_POINT('',(0.0035,-0.0035,0.016));
#3248=CARTESIAN_POINT('',(-4.33680868994202E-19,-0.0035,0.015));
#3249=CARTESIAN_POINT('',(-0.0035,-0.0035,0.015));
#3250=CARTESIAN_POINT('',(-0.0035,-0.0035,-0.013237555491351));
#3251=CARTESIAN_POINT('',(-0.0035,-0.0035,0.016));
#3252=CARTESIAN_POINT('',(-4.33680868994202E-19,-0.0035,0.016));
#3253=CARTESIAN_POINT('',(0.0035,4.33680868994202E-19,-0.013237555491351));
#3254=CARTESIAN_POINT('',(0.0035,4.33680868994202E-19,0.015));
#3255=CARTESIAN_POINT('',(0.0035,0.0035,0.015));
#3256=CARTESIAN_POINT('',(0.0035,4.33680868994202E-19,0.016));
#3257=CARTESIAN_POINT('',(0.0035,0.0035,0.016));
#3258=CARTESIAN_POINT('',(0.0035,0.0035,-0.013237555491351));
#3259=CARTESIAN_POINT('',(0.,0.0035,-0.013237555491351));
#3260=CARTESIAN_POINT('',(0.,0.0035,0.015));
#3261=CARTESIAN_POINT('',(-0.0035,0.0035,0.015));
#3262=CARTESIAN_POINT('',(0.,0.0035,0.016));
#3263=CARTESIAN_POINT('',(-0.0035,0.0035,0.016));
#3264=CARTESIAN_POINT('',(-0.0035,0.0035,-0.013237555491351));
#3265=CARTESIAN_POINT('',(-0.0035,-4.33680868994202E-19,-0.013237555491351));
#3266=CARTESIAN_POINT('',(-0.0035,-4.33680868994202E-19,0.015));
#3267=CARTESIAN_POINT('',(-0.0035,-4.33680868994202E-19,0.016));
#3268=CARTESIAN_POINT('',(0.,0.,0.016));
#3269=CARTESIAN_POINT('',(-0.0065,-8.67361737988404E-19,0.016));
#3270=CARTESIAN_POINT('',(-0.0065,-0.006,0.016));
#3271=CARTESIAN_POINT('',(-0.0065,0.006,0.016));
#3272=CARTESIAN_POINT('',(-0.006,-0.006,0.016));
#3273=CARTESIAN_POINT('',(-0.006,-0.0065,0.016));
#3274=CARTESIAN_POINT('',(0.,-0.0065,0.016));
#3275=CARTESIAN_POINT('',(0.006,-0.0065,0.016));
#3276=CARTESIAN_POINT('',(0.006,-0.006,0.016));
#3277=CARTESIAN_POINT('',(0.0065,-0.006,0.016));
#3278=CARTESIAN_POINT('',(0.0065,0.,0.016));
#3279=CARTESIAN_POINT('',(0.0065,0.006,0.016));
#3280=CARTESIAN_POINT('',(0.006,0.006,0.016));
#3281=CARTESIAN_POINT('',(0.006,0.0065,0.016));
#3282=CARTESIAN_POINT('',(0.,0.0065,0.016));
#3283=CARTESIAN_POINT('',(-0.006,0.0065,0.016));
#3284=CARTESIAN_POINT('',(-0.006,0.006,0.016));
#3285=CARTESIAN_POINT('',(0.,-0.0065,0.016));
#3286=CARTESIAN_POINT('',(-0.006,-0.0065,0.016));
#3287=CARTESIAN_POINT('',(0.,-0.0065,0.01));
#3288=CARTESIAN_POINT('',(0.006,-0.0065,0.016));
#3289=CARTESIAN_POINT('',(0.0065,0.,0.016));
#3290=CARTESIAN_POINT('',(0.0065,-0.006,0.01));
#3291=CARTESIAN_POINT('',(0.0065,0.,0.01));
#3292=CARTESIAN_POINT('',(0.0065,0.006,0.016));
#3293=CARTESIAN_POINT('',(0.,0.0065,0.016));
#3294=CARTESIAN_POINT('',(-0.006,0.0065,0.016));
#3295=CARTESIAN_POINT('',(0.006,0.0065,0.016));
#3296=CARTESIAN_POINT('',(0.,0.0065,0.01));
#3297=CARTESIAN_POINT('',(-0.0065,-8.67361737988404E-19,0.016));
#3298=CARTESIAN_POINT('',(-0.0065,-0.006,0.016));
#3299=CARTESIAN_POINT('',(-0.0065,0.006,0.01));
#3300=CARTESIAN_POINT('',(-0.0065,-8.67361737988404E-19,0.01));
#3301=CARTESIAN_POINT('',(0.,0.006,0.015));
#3302=CARTESIAN_POINT('',(0.006,0.006,0.015));
#3303=CARTESIAN_POINT('',(0.006,0.006,0.015));
#3304=CARTESIAN_POINT('',(0.,0.006,0.015));
#3305=CARTESIAN_POINT('',(-0.006,0.006,0.015));
#3306=CARTESIAN_POINT('',(-0.006,0.006,0.015));
#3307=CARTESIAN_POINT('',(-0.002,0.006,0.009));
#3308=CARTESIAN_POINT('',(-0.002,0.006,0.009));
#3309=CARTESIAN_POINT('',(0.,0.006,0.009));
#3310=CARTESIAN_POINT('',(0.002,0.006,0.009));
#3311=CARTESIAN_POINT('',(0.002,0.006,0.009));
#3312=CARTESIAN_POINT('',(0.006,-8.67361737988404E-19,0.015));
#3313=CARTESIAN_POINT('',(0.006,0.002,0.009));
#3314=CARTESIAN_POINT('',(0.006,0.002,0.009));
#3315=CARTESIAN_POINT('',(0.006,-8.67361737988404E-19,0.009));
#3316=CARTESIAN_POINT('',(0.006,-0.002,0.009));
#3317=CARTESIAN_POINT('',(0.006,-0.002,0.009));
#3318=CARTESIAN_POINT('',(0.006,-0.006,0.015));
#3319=CARTESIAN_POINT('',(0.006,-0.006,0.015));
#3320=CARTESIAN_POINT('',(0.006,-8.67361737988404E-19,0.015));
#3321=CARTESIAN_POINT('',(0.,-0.006,0.015));
#3322=CARTESIAN_POINT('',(-4.33680868994202E-19,-0.00599826508015394,0.01));
#3323=CARTESIAN_POINT('',(-0.006,-0.006,0.015));
#3324=CARTESIAN_POINT('',(-0.006,-0.006,0.015));
#3325=CARTESIAN_POINT('',(0.,-0.006,0.015));
#3326=CARTESIAN_POINT('',(-0.006,8.67361737988404E-19,0.015));
#3327=CARTESIAN_POINT('',(-0.006,8.67361737988404E-19,0.015));
#3328=CARTESIAN_POINT('',(-0.006,-0.002,0.009));
#3329=CARTESIAN_POINT('',(-0.006,-0.002,0.009));
#3330=CARTESIAN_POINT('',(-0.006,8.67361737988404E-19,0.009));
#3331=CARTESIAN_POINT('',(-0.006,0.002,0.009));
#3332=CARTESIAN_POINT('',(-0.006,0.002,0.009));
#3333=CARTESIAN_POINT('',(0.,0.,0.015));
#3334=CARTESIAN_POINT('',(0.002,0.0065,0.009));
#3335=CARTESIAN_POINT('',(0.002,0.0065,0.009));
#3336=CARTESIAN_POINT('',(0.002,0.007,0.009));
#3337=CARTESIAN_POINT('',(0.002,0.007,0.009));
#3338=CARTESIAN_POINT('',(0.002,0.007,0.01));
#3339=CARTESIAN_POINT('',(0.002,0.0065,0.01));
#3340=CARTESIAN_POINT('',(-0.002,0.0065,0.009));
#3341=CARTESIAN_POINT('',(-0.002,0.0065,0.01));
#3342=CARTESIAN_POINT('',(-0.002,0.007,0.01));
#3343=CARTESIAN_POINT('',(-0.002,0.007,0.009));
#3344=CARTESIAN_POINT('',(-0.002,0.007,0.009));
#3345=CARTESIAN_POINT('',(-0.002,0.0065,0.009));
#3346=CARTESIAN_POINT('',(0.,0.007,0.009));
#3347=CARTESIAN_POINT('',(0.,0.007,0.01));
#3348=CARTESIAN_POINT('',(0.,0.007,0.009));
#3349=CARTESIAN_POINT('',(0.,8.67459923030098E-7,0.009));
#3350=CARTESIAN_POINT('',(0.,8.67459923030098E-7,0.01));
#3351=CARTESIAN_POINT('',(0.0065,-0.002,0.009));
#3352=CARTESIAN_POINT('',(0.0065,-0.002,0.009));
#3353=CARTESIAN_POINT('',(0.007,-0.002,0.009));
#3354=CARTESIAN_POINT('',(0.007,-0.002,0.009));
#3355=CARTESIAN_POINT('',(0.007,-0.002,0.01));
#3356=CARTESIAN_POINT('',(0.0065,-0.002,0.01));
#3357=CARTESIAN_POINT('',(0.0065,0.002,0.009));
#3358=CARTESIAN_POINT('',(0.0065,0.002,0.01));
#3359=CARTESIAN_POINT('',(0.007,0.002,0.01));
#3360=CARTESIAN_POINT('',(0.007,0.002,0.009));
#3361=CARTESIAN_POINT('',(0.007,0.002,0.009));
#3362=CARTESIAN_POINT('',(0.0065,0.002,0.009));
#3363=CARTESIAN_POINT('',(0.007,-8.67361737988404E-19,0.009));
#3364=CARTESIAN_POINT('',(0.007,-8.67361737988404E-19,0.01));
#3365=CARTESIAN_POINT('',(0.007,-8.67361737988404E-19,0.009));
#3366=CARTESIAN_POINT('',(0.,8.67459923030098E-7,0.009));
#3367=CARTESIAN_POINT('',(0.,8.67459923030098E-7,0.01));
#3368=CARTESIAN_POINT('',(0.,8.67459923030098E-7,0.01));
#3369=CARTESIAN_POINT('',(-0.0065,-0.002,0.01));
#3370=CARTESIAN_POINT('',(-0.007,-0.002,0.01));
#3371=CARTESIAN_POINT('',(-0.0065,0.002,0.01));
#3372=CARTESIAN_POINT('',(-0.007,0.002,0.01));
#3373=CARTESIAN_POINT('',(-0.007,0.,0.01));
#3374=CARTESIAN_POINT('',(-0.0065,-0.002,0.009));
#3375=CARTESIAN_POINT('',(-0.007,-0.002,0.009));
#3376=CARTESIAN_POINT('',(-0.007,-0.002,0.009));
#3377=CARTESIAN_POINT('',(-0.0065,-0.002,0.009));
#3378=CARTESIAN_POINT('',(-0.007,0.,0.009));
#3379=CARTESIAN_POINT('',(-0.007,0.002,0.009));
#3380=CARTESIAN_POINT('',(-0.007,0.002,0.009));
#3381=CARTESIAN_POINT('',(-0.007,0.,0.009));
#3382=CARTESIAN_POINT('',(-0.0065,0.002,0.009));
#3383=CARTESIAN_POINT('',(-0.0065,0.002,0.009));
#3384=CARTESIAN_POINT('',(0.,8.67459923030098E-7,0.009));
#3385=CARTESIAN_POINT('',(0.,8.67459923030098E-7,0.01));
#3386=CARTESIAN_POINT('',(0.002,-0.00649826508015394,0.01));
#3387=CARTESIAN_POINT('',(0.002,-0.00699826508015394,0.01));
#3388=CARTESIAN_POINT('',(-0.002,-0.00649826508015394,0.01));
#3389=CARTESIAN_POINT('',(-0.002,-0.00699826508015394,0.01));
#3390=CARTESIAN_POINT('',(-4.33680868994202E-19,-0.00699826508015394,0.01));
#3391=CARTESIAN_POINT('',(-0.002,-0.00649826508015394,0.009));
#3392=CARTESIAN_POINT('',(-0.002,-0.00599826508015394,0.009));
#3393=CARTESIAN_POINT('',(-0.002,-0.00599826508015394,0.009));
#3394=CARTESIAN_POINT('',(-0.002,-0.00649826508015394,0.009));
#3395=CARTESIAN_POINT('',(-0.002,-0.00699826508015394,0.009));
#3396=CARTESIAN_POINT('',(-0.002,-0.00699826508015394,0.009));
#3397=CARTESIAN_POINT('',(-4.33680868994202E-19,-0.00599826508015394,0.009));
#3398=CARTESIAN_POINT('',(0.002,-0.00599826508015394,0.009));
#3399=CARTESIAN_POINT('',(0.002,-0.00599826508015394,0.009));
#3400=CARTESIAN_POINT('',(-4.33680868994202E-19,-0.00599826508015394,0.009));
#3401=CARTESIAN_POINT('',(0.002,-0.00649826508015394,0.009));
#3402=CARTESIAN_POINT('',(0.002,-0.00699826508015394,0.009));
#3403=CARTESIAN_POINT('',(0.002,-0.00699826508015394,0.009));
#3404=CARTESIAN_POINT('',(0.002,-0.00649826508015394,0.009));
#3405=CARTESIAN_POINT('',(-4.33680868994202E-19,-0.00699826508015394,0.009));
#3406=CARTESIAN_POINT('',(-4.33680868994202E-19,-0.00699826508015394,0.009));
#3407=CARTESIAN_POINT('',(0.,8.67459923030098E-7,0.009));
#3408=CARTESIAN_POINT('',(-0.006,-0.006,0.016));
#3409=CARTESIAN_POINT('',(0.006,-0.006,0.016));
#3410=CARTESIAN_POINT('',(-0.006,0.006,0.016));
#3411=CARTESIAN_POINT('',(0.006,0.006,0.016));
#3412=CARTESIAN_POINT('',(0.0020128318047176,-0.00251572486013174,-0.0087582063190639));
#3413=CARTESIAN_POINT('',(0.,0.,0.013));
#3414=CARTESIAN_POINT('',(0.,-0.004,0.013));
#3415=CARTESIAN_POINT('',(0.004,-0.004,0.013));
#3416=CARTESIAN_POINT('',(-0.004,-0.004,0.013));
#3417=CARTESIAN_POINT('',(0.004,0.,0.013));
#3418=CARTESIAN_POINT('',(0.004,0.004,0.013));
#3419=CARTESIAN_POINT('',(0.,0.004,0.013));
#3420=CARTESIAN_POINT('',(-0.004,0.004,0.013));
#3421=CARTESIAN_POINT('',(-0.004,-8.67361737988404E-19,0.013));
#3422=CARTESIAN_POINT('',(0.002,2.16840434497101E-19,0.013));
#3423=CARTESIAN_POINT('',(0.002,-0.0006,0.013));
#3424=CARTESIAN_POINT('',(0.002,0.0006,0.013));
#3425=CARTESIAN_POINT('',(0.0013,-0.0006,0.013));
#3426=CARTESIAN_POINT('',(0.0006,-0.0006,0.013));
#3427=CARTESIAN_POINT('',(0.0006,-0.0013,0.013));
#3428=CARTESIAN_POINT('',(0.0006,-0.002,0.013));
#3429=CARTESIAN_POINT('',(-3.25260651745652E-19,-0.002,0.013));
#3430=CARTESIAN_POINT('',(-0.0006,-0.002,0.013));
#3431=CARTESIAN_POINT('',(-0.0006,-0.0013,0.013));
#3432=CARTESIAN_POINT('',(-0.0006,-0.0006,0.013));
#3433=CARTESIAN_POINT('',(-0.0013,-0.0006,0.013));
#3434=CARTESIAN_POINT('',(-0.002,-0.0006,0.013));
#3435=CARTESIAN_POINT('',(-0.002,-2.16840434497101E-19,0.013));
#3436=CARTESIAN_POINT('',(-0.002,0.0006,0.013));
#3437=CARTESIAN_POINT('',(-0.0013,0.0006,0.013));
#3438=CARTESIAN_POINT('',(-0.0006,0.0006,0.013));
#3439=CARTESIAN_POINT('',(-0.0006,0.0013,0.013));
#3440=CARTESIAN_POINT('',(-0.0006,0.002,0.013));
#3441=CARTESIAN_POINT('',(-1.0842021724855E-19,0.002,0.013));
#3442=CARTESIAN_POINT('',(0.0006,0.002,0.013));
#3443=CARTESIAN_POINT('',(0.0006,0.0013,0.013));
#3444=CARTESIAN_POINT('',(0.0006,0.0006,0.013));
#3445=CARTESIAN_POINT('',(0.0013,0.0006,0.013));
#3446=CARTESIAN_POINT('',(-7.58941520739853E-19,-0.00195,0.012));
#3447=CARTESIAN_POINT('',(-7.58941520739853E-19,-0.00195,0.));
#3448=CARTESIAN_POINT('',(0.00175,-0.00195,0.));
#3449=CARTESIAN_POINT('',(-0.00175,-0.00195,0.));
#3450=CARTESIAN_POINT('',(0.00175,-0.00195,0.012));
#3451=CARTESIAN_POINT('',(0.00175,-0.00195,0.012));
#3452=CARTESIAN_POINT('',(-7.58941520739853E-19,-0.00195,0.012));
#3453=CARTESIAN_POINT('',(-0.00175,-0.00195,0.012));
#3454=CARTESIAN_POINT('',(-0.00175,-0.00195,0.012));
#3455=CARTESIAN_POINT('',(0.00195,2.16840434497101E-19,0.012));
#3456=CARTESIAN_POINT('',(0.00195,2.16840434497101E-19,0.));
#3457=CARTESIAN_POINT('',(0.00195,-0.00175,0.));
#3458=CARTESIAN_POINT('',(0.00195,0.00175,0.));
#3459=CARTESIAN_POINT('',(0.00195,0.00175,0.012));
#3460=CARTESIAN_POINT('',(0.00195,0.00175,0.012));
#3461=CARTESIAN_POINT('',(0.00195,2.16840434497101E-19,0.012));
#3462=CARTESIAN_POINT('',(0.00195,-0.00175,0.012));
#3463=CARTESIAN_POINT('',(0.00195,-0.00175,0.));
#3464=CARTESIAN_POINT('',(-4.33680868994202E-19,0.00195,0.012));
#3465=CARTESIAN_POINT('',(-4.33680868994202E-19,0.00195,0.012));
#3466=CARTESIAN_POINT('',(0.00175,0.00195,0.012));
#3467=CARTESIAN_POINT('',(-0.00175,0.00195,0.012));
#3468=CARTESIAN_POINT('',(0.00175,0.00195,0.012));
#3469=CARTESIAN_POINT('',(0.00175,0.00195,0.));
#3470=CARTESIAN_POINT('',(-4.33680868994202E-19,0.00195,0.));
#3471=CARTESIAN_POINT('',(-0.00175,0.00195,0.));
#3472=CARTESIAN_POINT('',(-0.00175,0.00195,0.012));
#3473=CARTESIAN_POINT('',(-0.00195,2.16840434497101E-19,0.012));
#3474=CARTESIAN_POINT('',(-0.00195,-3.25260651745652E-19,0.003));
#3475=CARTESIAN_POINT('',(-0.00195,-0.0005,0.003));
#3476=CARTESIAN_POINT('',(-0.00195,2.16840434497101E-19,0.012));
#3477=CARTESIAN_POINT('',(-0.00195,-0.00175,0.012));
#3478=CARTESIAN_POINT('',(-0.00195,0.00175,0.012));
#3479=CARTESIAN_POINT('',(-0.00195,0.00175,0.));
#3480=CARTESIAN_POINT('',(-0.00195,0.00175,0.));
#3481=CARTESIAN_POINT('',(-0.00195,2.16840434497101E-19,0.));
#3482=CARTESIAN_POINT('',(-0.00195,-0.00175,0.));
#3483=CARTESIAN_POINT('',(-0.00195,-0.00175,0.012));
#3484=CARTESIAN_POINT('',(-8.67361737988404E-19,0.,0.));
#3485=CARTESIAN_POINT('',(0.,-9.79717439317883E-20,0.));
#3486=CARTESIAN_POINT('',(-0.0016,-9.79717439317883E-20,0.));
#3487=CARTESIAN_POINT('',(0.00175,0.00175,0.));
#3488=CARTESIAN_POINT('',(0.00175,-0.00175,0.));
#3489=CARTESIAN_POINT('',(-0.00175,-0.00175,0.));
#3490=CARTESIAN_POINT('',(-0.00175,0.00175,0.));
#3491=CARTESIAN_POINT('',(0.,-0.004,0.013));
#3492=CARTESIAN_POINT('',(0.,-0.004,0.012));
#3493=CARTESIAN_POINT('',(0.004,-0.004,0.012));
#3494=CARTESIAN_POINT('',(-0.004,-0.004,0.012));
#3495=CARTESIAN_POINT('',(0.004,-0.004,0.013));
#3496=CARTESIAN_POINT('',(-0.004,-0.004,0.013));
#3497=CARTESIAN_POINT('',(0.004,0.,0.013));
#3498=CARTESIAN_POINT('',(0.004,0.,0.012));
#3499=CARTESIAN_POINT('',(0.004,0.004,0.012));
#3500=CARTESIAN_POINT('',(0.004,0.004,0.013));
#3501=CARTESIAN_POINT('',(0.,0.004,0.013));
#3502=CARTESIAN_POINT('',(0.,0.004,0.012));
#3503=CARTESIAN_POINT('',(-0.004,0.004,0.012));
#3504=CARTESIAN_POINT('',(-0.004,0.004,0.013));
#3505=CARTESIAN_POINT('',(-0.004,-8.67361737988404E-19,0.013));
#3506=CARTESIAN_POINT('',(-0.004,-8.67361737988404E-19,0.012));
#3507=CARTESIAN_POINT('',(0.,0.,0.012));
#3508=CARTESIAN_POINT('',(0.00175,-0.00175,0.012));
#3509=CARTESIAN_POINT('',(0.00175,0.00175,0.012));
#3510=CARTESIAN_POINT('',(-0.00175,0.00175,0.012));
#3511=CARTESIAN_POINT('',(-0.00175,-0.00175,0.012));
#3512=CARTESIAN_POINT('',(0.0013,-0.0006,0.018));
#3513=CARTESIAN_POINT('',(0.002,-0.0006,0.018));
#3514=CARTESIAN_POINT('',(0.002,-0.0006,0.018));
#3515=CARTESIAN_POINT('',(0.0013,-0.0006,0.018));
#3516=CARTESIAN_POINT('',(0.0006,-0.0006,0.018));
#3517=CARTESIAN_POINT('',(0.0006,-0.0006,0.018));
#3518=CARTESIAN_POINT('',(0.002,2.16840434497101E-19,0.018));
#3519=CARTESIAN_POINT('',(0.002,0.0006,0.018));
#3520=CARTESIAN_POINT('',(0.002,0.0006,0.018));
#3521=CARTESIAN_POINT('',(0.002,2.16840434497101E-19,0.018));
#3522=CARTESIAN_POINT('',(0.0013,0.0006,0.018));
#3523=CARTESIAN_POINT('',(0.0006,0.0006,0.018));
#3524=CARTESIAN_POINT('',(0.0006,0.0006,0.018));
#3525=CARTESIAN_POINT('',(0.0013,0.0006,0.018));
#3526=CARTESIAN_POINT('',(0.0006,0.0013,0.018));
#3527=CARTESIAN_POINT('',(0.0006,0.002,0.018));
#3528=CARTESIAN_POINT('',(0.0006,0.002,0.018));
#3529=CARTESIAN_POINT('',(0.0006,0.0013,0.018));
#3530=CARTESIAN_POINT('',(-1.0842021724855E-19,0.002,0.018));
#3531=CARTESIAN_POINT('',(-0.0006,0.002,0.018));
#3532=CARTESIAN_POINT('',(-0.0006,0.002,0.018));
#3533=CARTESIAN_POINT('',(-1.0842021724855E-19,0.002,0.018));
#3534=CARTESIAN_POINT('',(-0.0006,0.0013,0.018));
#3535=CARTESIAN_POINT('',(-0.0006,0.0006,0.018));
#3536=CARTESIAN_POINT('',(-0.0006,0.0006,0.018));
#3537=CARTESIAN_POINT('',(-0.0006,0.0013,0.018));
#3538=CARTESIAN_POINT('',(-0.0013,0.0006,0.018));
#3539=CARTESIAN_POINT('',(-0.002,0.0006,0.018));
#3540=CARTESIAN_POINT('',(-0.002,0.0006,0.018));
#3541=CARTESIAN_POINT('',(-0.0013,0.0006,0.018));
#3542=CARTESIAN_POINT('',(-0.002,-2.16840434497101E-19,0.018));
#3543=CARTESIAN_POINT('',(-0.002,-0.0006,0.018));
#3544=CARTESIAN_POINT('',(-0.002,-0.0006,0.018));
#3545=CARTESIAN_POINT('',(-0.002,-2.16840434497101E-19,0.018));
#3546=CARTESIAN_POINT('',(-0.0013,-0.0006,0.018));
#3547=CARTESIAN_POINT('',(-0.0006,-0.0006,0.018));
#3548=CARTESIAN_POINT('',(-0.0006,-0.0006,0.018));
#3549=CARTESIAN_POINT('',(-0.0013,-0.0006,0.018));
#3550=CARTESIAN_POINT('',(-0.0006,-0.0013,0.018));
#3551=CARTESIAN_POINT('',(-0.0006,-0.002,0.018));
#3552=CARTESIAN_POINT('',(-0.0006,-0.002,0.018));
#3553=CARTESIAN_POINT('',(-0.0006,-0.0013,0.018));
#3554=CARTESIAN_POINT('',(-3.25260651745652E-19,-0.002,0.018));
#3555=CARTESIAN_POINT('',(0.0006,-0.002,0.018));
#3556=CARTESIAN_POINT('',(0.0006,-0.002,0.018));
#3557=CARTESIAN_POINT('',(-3.25260651745652E-19,-0.002,0.018));
#3558=CARTESIAN_POINT('',(0.0006,-0.0013,0.018));
#3559=CARTESIAN_POINT('',(0.0006,-0.0013,0.018));
#3560=CARTESIAN_POINT('',(0.,0.,0.018));
#3561=CARTESIAN_POINT('',(0.,-9.79717439317883E-20,0.0022));
#3562=CARTESIAN_POINT('',(0.,-9.79717439317883E-20,0.0022));
#3563=CARTESIAN_POINT('',(-0.0016,-9.79717439317883E-20,0.0022));
#3564=CARTESIAN_POINT('',(-8.67361737988404E-19,8.67361737988404E-19,0.0022));
#3565=CARTESIAN_POINT('',(-0.00235,-3.03020607181846E-19,0.003));
#3566=CARTESIAN_POINT('',(-0.00205,-3.197006406047E-19,0.003));
#3567=CARTESIAN_POINT('',(-0.00205,-0.0005,0.003));
#3568=CARTESIAN_POINT('',(-0.00235,1.30660261812356E-19,0.006));
#3569=CARTESIAN_POINT('',(-0.00235,-3.03020607181846E-19,0.003));
#3570=CARTESIAN_POINT('',(-0.00235,-0.0002,0.003));
#3571=CARTESIAN_POINT('',(0.00175,0.00175,0.012));
#3572=CARTESIAN_POINT('',(-0.00175,0.00175,0.012));
#3573=CARTESIAN_POINT('',(0.00175,-0.00175,0.012));
#3574=CARTESIAN_POINT('',(-0.00175,-0.00175,0.012));
#3575=CARTESIAN_POINT('',(-0.00205,-3.197006406047E-19,0.003));
#3576=CARTESIAN_POINT('',(0.00200296542607248,-0.00251572486013174,-0.0102582063190639));
#3577=CARTESIAN_POINT('',(-1.7347234759768E-18,1.7347234759768E-18,0.01));
#3578=CARTESIAN_POINT('',(-0.0025,-2.16840434497101E-19,0.01));
#3579=CARTESIAN_POINT('',(-0.0025,-0.000749999999999992,0.01));
#3580=CARTESIAN_POINT('',(-0.0025,0.00075,0.01));
#3581=CARTESIAN_POINT('',(-0.0025,0.00075,0.01));
#3582=CARTESIAN_POINT('',(-0.002,0.00075,0.01));
#3583=CARTESIAN_POINT('',(-0.002,-2.16840434497101E-19,0.01));
#3584=CARTESIAN_POINT('',(-0.002,0.002,0.01));
#3585=CARTESIAN_POINT('',(0.,0.002,0.01));
#3586=CARTESIAN_POINT('',(0.002,0.002,0.01));
#3587=CARTESIAN_POINT('',(0.002,0.,0.01));
#3588=CARTESIAN_POINT('',(0.002,-0.002,0.01));
#3589=CARTESIAN_POINT('',(0.,-0.002,0.01));
#3590=CARTESIAN_POINT('',(-0.002,-0.002,0.01));
#3591=CARTESIAN_POINT('',(-0.002,-2.16840434497101E-19,0.01));
#3592=CARTESIAN_POINT('',(-0.002,-0.000749999999999992,0.01));
#3593=CARTESIAN_POINT('',(-0.0025,-0.000749999999999992,0.01));
#3594=CARTESIAN_POINT('',(0.0065,1.76570068090496E-18,0.01));
#3595=CARTESIAN_POINT('',(0.0065,-0.002,0.01));
#3596=CARTESIAN_POINT('',(0.0065,0.002,0.01));
#3597=CARTESIAN_POINT('',(0.0065,0.002,0.01));
#3598=CARTESIAN_POINT('',(0.007,0.002,0.01));
#3599=CARTESIAN_POINT('',(0.007,1.7347234759768E-18,0.01));
#3600=CARTESIAN_POINT('',(0.007,0.0065,0.01));
#3601=CARTESIAN_POINT('',(0.0065,0.0065,0.01));
#3602=CARTESIAN_POINT('',(0.0065,0.007,0.01));
#3603=CARTESIAN_POINT('',(-8.67361737988404E-19,0.007,0.01));
#3604=CARTESIAN_POINT('',(0.002,0.007,0.01));
#3605=CARTESIAN_POINT('',(0.002,0.0065,0.01));
#3606=CARTESIAN_POINT('',(0.002,0.0065,0.01));
#3607=CARTESIAN_POINT('',(-8.05407328132089E-19,0.0065,0.01));
#3608=CARTESIAN_POINT('',(-0.002,0.0065,0.01));
#3609=CARTESIAN_POINT('',(-0.002,0.0065,0.01));
#3610=CARTESIAN_POINT('',(-0.002,0.007,0.01));
#3611=CARTESIAN_POINT('',(-8.67361737988404E-19,0.007,0.01));
#3612=CARTESIAN_POINT('',(-0.0065,0.007,0.01));
#3613=CARTESIAN_POINT('',(-0.0065,0.0065,0.01));
#3614=CARTESIAN_POINT('',(-0.007,0.0065,0.01));
#3615=CARTESIAN_POINT('',(-0.007,1.7347234759768E-18,0.01));
#3616=CARTESIAN_POINT('',(-0.007,0.002,0.01));
#3617=CARTESIAN_POINT('',(-0.0065,0.002,0.01));
#3618=CARTESIAN_POINT('',(-0.0065,0.002,0.01));
#3619=CARTESIAN_POINT('',(-0.0065,1.70374627104865E-18,0.01));
#3620=CARTESIAN_POINT('',(-0.0065,-0.002,0.01));
#3621=CARTESIAN_POINT('',(-0.0065,-0.002,0.01));
#3622=CARTESIAN_POINT('',(-0.007,-0.002,0.01));
#3623=CARTESIAN_POINT('',(-0.007,1.7347234759768E-18,0.01));
#3624=CARTESIAN_POINT('',(-0.007,-0.0065,0.01));
#3625=CARTESIAN_POINT('',(-0.0065,-0.0065,0.01));
#3626=CARTESIAN_POINT('',(-0.0065,-0.007,0.01));
#3627=CARTESIAN_POINT('',(-8.67361737988404E-19,-0.007,0.01));
#3628=CARTESIAN_POINT('',(-0.002,-0.007,0.01));
#3629=CARTESIAN_POINT('',(-0.002,-0.0065,0.01));
#3630=CARTESIAN_POINT('',(-0.002,-0.0065,0.01));
#3631=CARTESIAN_POINT('',(-9.29316147844718E-19,-0.0065,0.01));
#3632=CARTESIAN_POINT('',(0.002,-0.0065,0.01));
#3633=CARTESIAN_POINT('',(0.002,-0.0065,0.01));
#3634=CARTESIAN_POINT('',(0.002,-0.007,0.01));
#3635=CARTESIAN_POINT('',(-8.67361737988404E-19,-0.007,0.01));
#3636=CARTESIAN_POINT('',(0.0065,-0.007,0.01));
#3637=CARTESIAN_POINT('',(0.0065,-0.0065,0.01));
#3638=CARTESIAN_POINT('',(0.007,-0.0065,0.01));
#3639=CARTESIAN_POINT('',(0.007,1.7347234759768E-18,0.01));
#3640=CARTESIAN_POINT('',(0.007,-0.002,0.01));
#3641=CARTESIAN_POINT('',(0.0065,-0.002,0.01));
#3642=CARTESIAN_POINT('',(0.007,1.7347234759768E-18,0.01));
#3643=CARTESIAN_POINT('',(0.007,0.002,0.0095));
#3644=CARTESIAN_POINT('',(0.007,0.002,0.009));
#3645=CARTESIAN_POINT('',(0.007,-1.3010426069826E-18,0.009));
#3646=CARTESIAN_POINT('',(0.007,-0.002,0.009));
#3647=CARTESIAN_POINT('',(0.007,-0.002,0.0095));
#3648=CARTESIAN_POINT('',(0.007,-0.0065,0.));
#3649=CARTESIAN_POINT('',(0.007,-0.0065,0.));
#3650=CARTESIAN_POINT('',(0.007,1.7347234759768E-18,0.));
#3651=CARTESIAN_POINT('',(0.007,0.0065,0.));
#3652=CARTESIAN_POINT('',(0.007,0.0065,0.01));
#3653=CARTESIAN_POINT('',(-8.67361737988404E-19,0.007,0.01));
#3654=CARTESIAN_POINT('',(-0.002,0.007,0.0095));
#3655=CARTESIAN_POINT('',(-0.002,0.007,0.009));
#3656=CARTESIAN_POINT('',(-1.33169478938745E-50,0.007,0.009));
#3657=CARTESIAN_POINT('',(0.002,0.007,0.009));
#3658=CARTESIAN_POINT('',(0.002,0.007,0.0095));
#3659=CARTESIAN_POINT('',(0.0065,0.007,0.01));
#3660=CARTESIAN_POINT('',(0.0065,0.007,0.));
#3661=CARTESIAN_POINT('',(-8.67361737988404E-19,0.007,0.));
#3662=CARTESIAN_POINT('',(-0.0065,0.007,0.));
#3663=CARTESIAN_POINT('',(-0.0065,0.007,0.01));
#3664=CARTESIAN_POINT('',(-0.002,-2.16840434497101E-19,0.01));
#3665=CARTESIAN_POINT('',(-0.002,0.00075,0.005));
#3666=CARTESIAN_POINT('',(-0.002,0.00075,2.02575674733392E-20));
#3667=CARTESIAN_POINT('',(-0.002,4.77048955893622E-18,1.12106077409391E-19));
#3668=CARTESIAN_POINT('',(-0.002,-0.00075,0.));
#3669=CARTESIAN_POINT('',(-0.002,-0.00075,0.005));
#3670=CARTESIAN_POINT('',(-0.002,-0.002,0.01));
#3671=CARTESIAN_POINT('',(-0.002,-0.002,-0.0015));
#3672=CARTESIAN_POINT('',(-0.002,-2.16840434497101E-19,-0.0015));
#3673=CARTESIAN_POINT('',(-0.002,0.002,-0.0015));
#3674=CARTESIAN_POINT('',(-0.002,0.002,0.01));
#3675=CARTESIAN_POINT('',(-8.67361737988404E-19,-0.007,0.01));
#3676=CARTESIAN_POINT('',(0.002,-0.007,0.0095));
#3677=CARTESIAN_POINT('',(0.002,-0.007,0.009));
#3678=CARTESIAN_POINT('',(-1.33169478938745E-50,-0.007,0.009));
#3679=CARTESIAN_POINT('',(-0.002,-0.007,0.009));
#3680=CARTESIAN_POINT('',(-0.002,-0.007,0.0095));
#3681=CARTESIAN_POINT('',(-0.0065,-0.007,0.01));
#3682=CARTESIAN_POINT('',(-0.0065,-0.007,0.));
#3683=CARTESIAN_POINT('',(-8.67361737988404E-19,-0.007,0.));
#3684=CARTESIAN_POINT('',(0.0065,-0.007,0.));
#3685=CARTESIAN_POINT('',(0.0065,-0.007,0.01));
#3686=CARTESIAN_POINT('',(0.002,0.,0.01));
#3687=CARTESIAN_POINT('',(0.002,0.002,0.01));
#3688=CARTESIAN_POINT('',(0.002,0.002,-0.0015));
#3689=CARTESIAN_POINT('',(0.002,0.,-0.0015));
#3690=CARTESIAN_POINT('',(0.002,-0.002,-0.0015));
#3691=CARTESIAN_POINT('',(0.002,-0.002,0.01));
#3692=CARTESIAN_POINT('',(0.,-0.002,0.01));
#3693=CARTESIAN_POINT('',(0.,-0.002,-0.0015));
#3694=CARTESIAN_POINT('',(0.,0.002,0.01));
#3695=CARTESIAN_POINT('',(0.,0.002,-0.0015));
#3696=CARTESIAN_POINT('',(-0.007,1.7347234759768E-18,0.01));
#3697=CARTESIAN_POINT('',(-0.007,-0.002,0.0095));
#3698=CARTESIAN_POINT('',(-0.007,-0.002,0.009));
#3699=CARTESIAN_POINT('',(-0.007,1.7347234759768E-18,0.009));
#3700=CARTESIAN_POINT('',(-0.007,0.002,0.009));
#3701=CARTESIAN_POINT('',(-0.007,0.002,0.0095));
#3702=CARTESIAN_POINT('',(-0.007,0.0065,0.));
#3703=CARTESIAN_POINT('',(-0.007,0.0065,0.));
#3704=CARTESIAN_POINT('',(-0.007,1.7347234759768E-18,0.));
#3705=CARTESIAN_POINT('',(-0.007,-0.0065,0.));
#3706=CARTESIAN_POINT('',(-0.007,-0.0065,0.01));
#3707=CARTESIAN_POINT('',(-1.7347234759768E-18,1.7347234759768E-18,0.));
#3708=CARTESIAN_POINT('',(-0.00508,4.59242549680257E-20,0.));
#3709=CARTESIAN_POINT('',(-0.00433,4.59242549680257E-20,0.));
#3710=CARTESIAN_POINT('',(0.00381,-0.00508,0.));
#3711=CARTESIAN_POINT('',(0.00431,-0.00508,0.));
#3712=CARTESIAN_POINT('',(0.,0.00508,0.));
#3713=CARTESIAN_POINT('',(0.0005,0.00508,0.));
#3714=CARTESIAN_POINT('',(-0.00381,-0.00508,0.));
#3715=CARTESIAN_POINT('',(-0.00331,-0.00508,0.));
#3716=CARTESIAN_POINT('',(0.00508,-2.0246269785448E-18,0.));
#3717=CARTESIAN_POINT('',(0.00583,-2.0246269785448E-18,0.));
#3718=CARTESIAN_POINT('',(0.,-2.14313189850787E-19,0.));
#3719=CARTESIAN_POINT('',(-0.0035,-2.14313189850787E-19,0.));
#3720=CARTESIAN_POINT('',(-0.0065,-0.0065,0.));
#3721=CARTESIAN_POINT('',(-0.0065,0.0065,0.));
#3722=CARTESIAN_POINT('',(0.0065,0.0065,0.));
#3723=CARTESIAN_POINT('',(0.0065,-0.0065,0.));
#3724=CARTESIAN_POINT('',(0.,-2.14313189850787E-19,-0.0015));
#3725=CARTESIAN_POINT('',(0.,-2.14313189850787E-19,-0.0015));
#3726=CARTESIAN_POINT('',(-0.0035,-2.14313189850787E-19,-0.0015));
#3727=CARTESIAN_POINT('',(-1.7347234759768E-18,1.7347234759768E-18,-0.0015));
#3728=CARTESIAN_POINT('',(0.00508,-2.0246269785448E-18,-0.0035));
#3729=CARTESIAN_POINT('',(0.00508,-2.0246269785448E-18,-0.0035));
#3730=CARTESIAN_POINT('',(0.00583,-2.0246269785448E-18,-0.0035));
#3731=CARTESIAN_POINT('',(0.,0.,-0.0035));
#3732=CARTESIAN_POINT('',(-0.00381,-0.00508,-0.0035));
#3733=CARTESIAN_POINT('',(-0.00381,-0.00508,-0.0035));
#3734=CARTESIAN_POINT('',(-0.00331,-0.00508,-0.0035));
#3735=CARTESIAN_POINT('',(0.,0.,-0.0035));
#3736=CARTESIAN_POINT('',(0.,0.00508,-0.0035));
#3737=CARTESIAN_POINT('',(0.,0.00508,-0.0035));
#3738=CARTESIAN_POINT('',(0.0005,0.00508,-0.0035));
#3739=CARTESIAN_POINT('',(0.,0.,-0.0035));
#3740=CARTESIAN_POINT('',(0.00381,-0.00508,-0.0035));
#3741=CARTESIAN_POINT('',(0.00381,-0.00508,-0.0035));
#3742=CARTESIAN_POINT('',(0.00431,-0.00508,-0.0035));
#3743=CARTESIAN_POINT('',(0.,0.,-0.0035));
#3744=CARTESIAN_POINT('',(-0.00508,4.59242549680257E-20,-0.0035));
#3745=CARTESIAN_POINT('',(-0.00508,4.59242549680257E-20,-0.0035));
#3746=CARTESIAN_POINT('',(-0.00433,4.59242549680257E-20,-0.0035));
#3747=CARTESIAN_POINT('',(0.,0.,-0.0035));
#3748=CARTESIAN_POINT('',(-0.0065,-0.0065,0.01));
#3749=CARTESIAN_POINT('',(0.0065,-0.0065,0.01));
#3750=CARTESIAN_POINT('',(0.0065,0.0065,0.01));
#3751=CARTESIAN_POINT('',(-0.0065,0.0065,0.01));
#3752=CARTESIAN_POINT('',(-0.0025,4.77048955893622E-18,1.12106077409391E-19));
#3753=CARTESIAN_POINT('',(-0.0025,0.00075,2.02575674733392E-20));
#3754=CARTESIAN_POINT('',(-0.0025,0.00075,2.02575674733392E-20));
#3755=CARTESIAN_POINT('',(-0.0025,4.77048955893622E-18,1.12106077409391E-19));
#3756=CARTESIAN_POINT('',(-0.0025,-0.00075,0.));
#3757=CARTESIAN_POINT('',(-0.0025,-0.00075,0.));
#3758=CARTESIAN_POINT('',(-0.0025,0.00075,0.005));
#3759=CARTESIAN_POINT('',(-0.0025,0.00075,0.005));
#3760=CARTESIAN_POINT('',(-0.0025,-0.00075,0.005));
#3761=CARTESIAN_POINT('',(-0.0025,-0.00075,0.005));
#3762=CARTESIAN_POINT('',(-0.0025,0.,0.00425));
#3763=CARTESIAN_POINT('',(-0.0025,4.60785923306339E-19,0.003));
#3764=CARTESIAN_POINT('',(-0.0025,0.00015,0.003));
#3765=CARTESIAN_POINT('',(-0.0025,-0.00015,0.003));
#3766=CARTESIAN_POINT('',(-0.0025,-0.00015,0.0035));
#3767=CARTESIAN_POINT('',(-0.0025,-0.00015,0.004));
#3768=CARTESIAN_POINT('',(-0.0025,7.86046575051991E-19,0.004));
#3769=CARTESIAN_POINT('',(-0.0025,0.00015,0.004));
#3770=CARTESIAN_POINT('',(-0.0025,0.00015,0.0035));
#3771=CARTESIAN_POINT('',(-0.002,4.60785923306339E-19,0.003));
#3772=CARTESIAN_POINT('',(-0.002,0.00015,0.003));
#3773=CARTESIAN_POINT('',(-0.00215,0.00015,0.003));
#3774=CARTESIAN_POINT('',(-0.00215,4.60785923306339E-19,0.003));
#3775=CARTESIAN_POINT('',(-0.00215,-0.00015,0.003));
#3776=CARTESIAN_POINT('',(-0.002,-0.00015,0.003));
#3777=CARTESIAN_POINT('',(-0.002,0.00015,0.0035));
#3778=CARTESIAN_POINT('',(-0.002,0.00015,0.0035));
#3779=CARTESIAN_POINT('',(-0.002,0.00015,0.00315));
#3780=CARTESIAN_POINT('',(-0.002,0.00015,0.00385));
#3781=CARTESIAN_POINT('',(-0.00215,0.00015,0.00315));
#3782=CARTESIAN_POINT('',(-0.002,0.00015,0.004));
#3783=CARTESIAN_POINT('',(-0.00215,0.00015,0.004));
#3784=CARTESIAN_POINT('',(-0.00215,0.00015,0.00385));
#3785=CARTESIAN_POINT('',(-0.002,7.86046575051991E-19,0.004));
#3786=CARTESIAN_POINT('',(-0.002,-0.00015,0.004));
#3787=CARTESIAN_POINT('',(-0.00215,-0.00015,0.004));
#3788=CARTESIAN_POINT('',(-0.00215,0.00015,0.004));
#3789=CARTESIAN_POINT('',(-0.002,-0.00015,0.0035));
#3790=CARTESIAN_POINT('',(-0.00215,-0.00015,0.00315));
#3791=CARTESIAN_POINT('',(-0.002,-0.00015,0.00315));
#3792=CARTESIAN_POINT('',(-0.002,-0.00015,0.0035));
#3793=CARTESIAN_POINT('',(-0.002,-0.00015,0.00385));
#3794=CARTESIAN_POINT('',(-0.00215,-0.00015,0.00385));
#3795=CARTESIAN_POINT('',(-0.002,6.93889390390723E-18,0.005));
#3796=CARTESIAN_POINT('',(-0.002,6.93889390390723E-18,0.00315));
#3797=CARTESIAN_POINT('',(-0.002,-0.00015,0.00385));
#3798=CARTESIAN_POINT('',(-0.00215,4.60785923306339E-19,0.00315));
#3799=CARTESIAN_POINT('',(-0.00215,6.93889390390723E-18,0.00385));
#3800=CARTESIAN_POINT('',(-6.19544098563146E-20,-0.0065,0.009));
#3801=CARTESIAN_POINT('',(0.002,-0.0065,0.009));
#3802=CARTESIAN_POINT('',(0.002,-0.0065,0.009));
#3803=CARTESIAN_POINT('',(-6.19544098563146E-20,-0.0065,0.009));
#3804=CARTESIAN_POINT('',(-0.002,-0.0065,0.009));
#3805=CARTESIAN_POINT('',(-0.002,-0.0065,0.009));
#3806=CARTESIAN_POINT('',(0.002,-0.0065,0.0095));
#3807=CARTESIAN_POINT('',(0.002,-0.0065,0.0095));
#3808=CARTESIAN_POINT('',(-0.002,-0.0065,0.0095));
#3809=CARTESIAN_POINT('',(-0.002,-0.0065,0.0095));
#3810=CARTESIAN_POINT('',(-9.29316147844718E-19,-0.0065,0.005));
#3811=CARTESIAN_POINT('',(-0.0065,1.70374627104865E-18,0.009));
#3812=CARTESIAN_POINT('',(-0.0065,-0.002,0.009));
#3813=CARTESIAN_POINT('',(-0.0065,-0.002,0.009));
#3814=CARTESIAN_POINT('',(-0.0065,1.70374627104865E-18,0.009));
#3815=CARTESIAN_POINT('',(-0.0065,0.002,0.009));
#3816=CARTESIAN_POINT('',(-0.0065,0.002,0.009));
#3817=CARTESIAN_POINT('',(-0.0065,-0.002,0.0095));
#3818=CARTESIAN_POINT('',(-0.0065,-0.002,0.0095));
#3819=CARTESIAN_POINT('',(-0.0065,0.002,0.0095));
#3820=CARTESIAN_POINT('',(-0.0065,0.002,0.0095));
#3821=CARTESIAN_POINT('',(-0.0065,4.02703664066045E-19,0.005));
#3822=CARTESIAN_POINT('',(6.19544098563146E-20,0.0065,0.009));
#3823=CARTESIAN_POINT('',(-0.002,0.0065,0.009));
#3824=CARTESIAN_POINT('',(-0.002,0.0065,0.009));
#3825=CARTESIAN_POINT('',(6.19544098563146E-20,0.0065,0.009));
#3826=CARTESIAN_POINT('',(0.002,0.0065,0.009));
#3827=CARTESIAN_POINT('',(0.002,0.0065,0.009));
#3828=CARTESIAN_POINT('',(-0.002,0.0065,0.0095));
#3829=CARTESIAN_POINT('',(-0.002,0.0065,0.0095));
#3830=CARTESIAN_POINT('',(0.002,0.0065,0.0095));
#3831=CARTESIAN_POINT('',(0.002,0.0065,0.0095));
#3832=CARTESIAN_POINT('',(-8.05407328132089E-19,0.0065,0.005));
#3833=CARTESIAN_POINT('',(0.0065,-1.27006540205445E-18,0.009));
#3834=CARTESIAN_POINT('',(0.0065,0.002,0.009));
#3835=CARTESIAN_POINT('',(0.0065,0.002,0.009));
#3836=CARTESIAN_POINT('',(0.0065,-1.27006540205445E-18,0.009));
#3837=CARTESIAN_POINT('',(0.0065,-0.002,0.009));
#3838=CARTESIAN_POINT('',(0.0065,-0.002,0.009));
#3839=CARTESIAN_POINT('',(0.0065,0.002,0.0095));
#3840=CARTESIAN_POINT('',(0.0065,0.002,0.0095));
#3841=CARTESIAN_POINT('',(0.0065,-0.002,0.0095));
#3842=CARTESIAN_POINT('',(0.0065,-0.002,0.0095));
#3843=CARTESIAN_POINT('',(0.0065,1.33201981191076E-18,0.005));
#3844=CARTESIAN_POINT('',(0.00200296542607248,-0.00251572486013174,-0.0087582063190639));
#3845=MECHANICAL_DESIGN_GEOMETRIC_PRESENTATION_REPRESENTATION('',(#2343,
#2344,#2345),#3846);
#3846=(
GEOMETRIC_REPRESENTATION_CONTEXT(3)
GLOBAL_UNCERTAINTY_ASSIGNED_CONTEXT((#3850))
GLOBAL_UNIT_ASSIGNED_CONTEXT((#3856,#3855,#3854))
REPRESENTATION_CONTEXT('Assembly 1','TOP_LEVEL_ASSEMBLY_PART')
);
#3847=(
GEOMETRIC_REPRESENTATION_CONTEXT(3)
GLOBAL_UNCERTAINTY_ASSIGNED_CONTEXT((#3851))
GLOBAL_UNIT_ASSIGNED_CONTEXT((#3856,#3855,#3854))
REPRESENTATION_CONTEXT('Part 3','COMPONENT_PART')
);
#3848=(
GEOMETRIC_REPRESENTATION_CONTEXT(3)
GLOBAL_UNCERTAINTY_ASSIGNED_CONTEXT((#3852))
GLOBAL_UNIT_ASSIGNED_CONTEXT((#3856,#3855,#3854))
REPRESENTATION_CONTEXT('Part 2','COMPONENT_PART')
);
#3849=(
GEOMETRIC_REPRESENTATION_CONTEXT(3)
GLOBAL_UNCERTAINTY_ASSIGNED_CONTEXT((#3853))
GLOBAL_UNIT_ASSIGNED_CONTEXT((#3856,#3855,#3854))
REPRESENTATION_CONTEXT('Part 1','COMPONENT_PART')
);
#3850=UNCERTAINTY_MEASURE_WITH_UNIT(LENGTH_MEASURE(1.E-8),#3856,
'DISTANCE_ACCURACY_VALUE','Maximum Tolerance applied to model');
#3851=UNCERTAINTY_MEASURE_WITH_UNIT(LENGTH_MEASURE(2.22349198460581E-5),
#3856,'DISTANCE_ACCURACY_VALUE','Maximum Tolerance applied to model');
#3852=UNCERTAINTY_MEASURE_WITH_UNIT(LENGTH_MEASURE(1.E-8),#3856,
'DISTANCE_ACCURACY_VALUE','Maximum Tolerance applied to model');
#3853=UNCERTAINTY_MEASURE_WITH_UNIT(LENGTH_MEASURE(1.E-8),#3856,
'DISTANCE_ACCURACY_VALUE','Maximum Tolerance applied to model');
#3854=(
NAMED_UNIT(*)
SI_UNIT($,.STERADIAN.)
SOLID_ANGLE_UNIT()
);
#3855=(
NAMED_UNIT(*)
PLANE_ANGLE_UNIT()
SI_UNIT($,.RADIAN.)
);
#3856=(
LENGTH_UNIT()
NAMED_UNIT(*)
SI_UNIT($,.METRE.)
);
#3857=PRODUCT_DEFINITION_SHAPE('','',#3864);
#3858=PRODUCT_DEFINITION_SHAPE('','',#3865);
#3859=PRODUCT_DEFINITION_SHAPE(' ','NAUO PRDDFN',#14);
#3860=PRODUCT_DEFINITION_SHAPE('','',#3866);
#3861=PRODUCT_DEFINITION_SHAPE(' ','NAUO PRDDFN',#15);
#3862=PRODUCT_DEFINITION_SHAPE('','',#3867);
#3863=PRODUCT_DEFINITION_SHAPE(' ','NAUO PRDDFN',#16);
#3864=PRODUCT_DEFINITION('','',#3872,#3868);
#3865=PRODUCT_DEFINITION('','',#3873,#3869);
#3866=PRODUCT_DEFINITION('','',#3874,#3870);
#3867=PRODUCT_DEFINITION('','',#3875,#3871);
#3868=PRODUCT_DEFINITION_CONTEXT('',#3893,'design');
#3869=PRODUCT_DEFINITION_CONTEXT('',#3893,'design');
#3870=PRODUCT_DEFINITION_CONTEXT('',#3893,'design');
#3871=PRODUCT_DEFINITION_CONTEXT('',#3893,'design');
#3872=PRODUCT_DEFINITION_FORMATION_WITH_SPECIFIED_SOURCE('','',#3880,
 .NOT_KNOWN.);
#3873=PRODUCT_DEFINITION_FORMATION_WITH_SPECIFIED_SOURCE('','',#3881,
 .NOT_KNOWN.);
#3874=PRODUCT_DEFINITION_FORMATION_WITH_SPECIFIED_SOURCE('','',#3882,
 .NOT_KNOWN.);
#3875=PRODUCT_DEFINITION_FORMATION_WITH_SPECIFIED_SOURCE('','',#3883,
 .NOT_KNOWN.);
#3876=PRODUCT_RELATED_PRODUCT_CATEGORY('','',(#3880));
#3877=PRODUCT_RELATED_PRODUCT_CATEGORY('','',(#3881));
#3878=PRODUCT_RELATED_PRODUCT_CATEGORY('','',(#3882));
#3879=PRODUCT_RELATED_PRODUCT_CATEGORY('','',(#3883));
#3880=PRODUCT('Assembly 1','Assembly 1','Assembly 1',(#3888));
#3881=PRODUCT('Part 3','Part 3','Part 3',(#3889));
#3882=PRODUCT('Part 2','Part 2','Part 2',(#3890));
#3883=PRODUCT('Part 1','Part 1','Part 1',(#3891));
#3884=PRODUCT_CATEGORY('','');
#3885=PRODUCT_CATEGORY('','');
#3886=PRODUCT_CATEGORY('','');
#3887=PRODUCT_CATEGORY('','');
#3888=PRODUCT_CONTEXT('',#3893,'mechanical');
#3889=PRODUCT_CONTEXT('',#3893,'mechanical');
#3890=PRODUCT_CONTEXT('',#3893,'mechanical');
#3891=PRODUCT_CONTEXT('',#3893,'mechanical');
#3892=APPLICATION_PROTOCOL_DEFINITION('international standard',
'ap242_managed_model_based_3d_engineering',2020,#3893);
#3893=APPLICATION_CONTEXT('managed model based 3d engineering');
ENDSEC;
END-ISO-10303-21;
